Date,USD/AUD Monthly,Policy Rate Spread,FX Reserves,US Debt/GDP,% Gold Reserves, Gold Reserves ,AUS Debt/GDP,Relative Inflation,10YR BND Spread,US CAB,AUD CAB,PPP,US TCPU,Commodity Prices_Chinese Exports (USD),Global EPU
1/31/1999,1.5822,0.0001,21154000000,0.6005,0.0478,1163000000,0.2254,0.0713,-0.0013,-60838000000,-21795709493,1.297,77.5155,24994344.83,95.643
2/28/1999,1.5622,0.0006,20225000000,0.6005,0.0494,1181000000,0.2254,0.0713,-0.0007,-60838000000,-21795709493,1.297,67.4582,25058474.12,79.0619
3/31/1999,1.5853,-0.0001,20143000000,0.6005,0.0482,1137000000,0.2254,0.0713,-0.0035,-60838000000,-21795709493,1.297,39.6923,24701840.23,63.2212
4/30/1999,1.5581,-0.0001,18949000000,0.5919,0.0494,1112000000,0.2254,0.0031,0.0018,-67957000000,-21795709493,1.297,52.7283,24645538.18,64.2107
5/31/1999,1.51,0.0001,19085000000,0.5919,0.0469,1060000000,0.2254,0.0031,0.0002,-67957000000,-21795709493,1.297,50.4229,24703226.72,69.3706
6/30/1999,1.5239,0.0024,20515000000,0.5919,0.0423,1013000000,0.2254,0.0031,-0.0042,-67957000000,-21795709493,1.297,51.9523,24877014.99,70.7242
7/31/1999,1.5228,0.0032,19463000000,0.5839,0.0437,1004000000,0.2254,-0.0014,-0.002,-76129000000,-21795709493,1.297,52.9829,25517329.97,71.8505
8/31/1999,1.5517,0.0047,19842000000,0.5839,0.0434,1023000000,0.2254,-0.0014,-0.0042,-76129000000,-21795709493,1.297,42.3948,25775966.51,62.8632
9/30/1999,1.5401,0.0045,19307000000,0.5839,0.0506,1172000000,0.2254,-0.0014,-0.0023,-76129000000,-21795709493,1.297,46.3917,26259559.79,66.8433
10/31/1999,1.536,0.0067,25249000000,0.5834,0.0408,1189000000,0.2254,0.0016,-0.0058,-81685000000,-21795709493,1.297,43.0997,25984760.89,65.223
11/30/1999,1.566,0.0032,28619000000,0.5834,0.0361,1171000000,0.2254,0.0016,-0.0028,-81685000000,-21795709493,1.297,48.4083,25896892.23,68.1434
12/31/1999,1.5603,0.0045,29837000000,0.5834,0.0339,1137000000,0.2254,0.0016,-0.0008,-81685000000,-21795709493,1.297,52.4865,26516099.39,61.1927
1/31/2000,1.5235,0.0073,26618000000,0.5772,0.0375,1137000000,0.1949,0.0012,-0.0066,-94772000000,-15487273891,1.3121,56.1461,26969796.73,65.21
2/29/2000,1.593,0.0037,25903000000,0.5772,0.0411,1225000000,0.1949,0.0012,-0.007,-94772000000,-15487273891,1.3121,44.2414,26689280.31,59.2909
3/31/2000,1.6411,0.0052,23397000000,0.5772,0.0429,1171000000,0.1949,0.0012,-0.0058,-94772000000,-15487273891,1.3121,42.3948,26531673.73,61.9113
4/30/2000,1.6779,0.0055,23162000000,0.5548,0.0447,1193000000,0.1949,0.0007,0.0018,-96392000000,-15487273891,1.3121,41.229,26830955.67,64.5556
5/31/2000,1.7302,0.0055,19640000000,0.5548,0.0522,1216000000,0.1949,0.0007,-0.0037,-96392000000,-15487273891,1.3121,47.159,27346520.17,85.8006
6/30/2000,1.6812,0.0054,24348000000,0.5548,0.0441,1233000000,0.1949,0.0007,-0.0012,-96392000000,-15487273891,1.3121,49.196,27471327.08,89.1569
7/31/2000,1.702,0.005,24729000000,0.5499,0.043,1218000000,0.1949,-0.0293,-0.0033,-1.04E+11,-15487273891,1.3121,37.9016,27492338.71,67.2967
8/31/2000,1.7219,0.0028,24147000000,0.5499,0.0445,1235000000,0.1949,-0.0293,-0.0043,-1.04E+11,-15487273891,1.3121,39.2432,27705469.59,54.4399
9/30/2000,1.8081,0.0026,25403000000,0.5499,0.0442,1291000000,0.1949,-0.0293,-0.004,-1.04E+11,-15487273891,1.3121,66.2013,27455497.96,60.7
10/31/2000,1.8935,0.0026,29909000000,0.5426,0.0374,1317000000,0.1949,0.0044,-0.0039,-1.06E+11,-15487273891,1.3121,64.1181,27126327.29,68.7803
11/30/2000,1.9169,0.0015,31984000000,0.5426,0.0374,1319000000,0.1949,0.0044,-0.0075,-1.06E+11,-15487273891,1.3121,140.6047,27167956.78,104.5527
12/31/2000,1.8286,-0.0027,30292000000,0.5426,0.0374,1261000000,0.1949,0.0044,-0.0038,-1.06E+11,-15487273891,1.3121,118.0048,27329876.26,100.7622
1/31/2001,1.8013,-0.0076,30470000000,0.5514,0.0383,1240000000,0.1711,-0.0014,-0.0031,-1.07E+11,-7986938465,1.3275,84.5032,27435551.73,99.1633
2/28/2001,1.8749,-0.0054,29918000000,0.5514,0.0383,1302000000,0.1711,-0.0014,-0.0043,-1.07E+11,-7986938465,1.3275,88.3354,26918722.81,99.9126
3/31/2001,1.9887,-0.0075,31200000000,0.5514,0.0383,1351000000,0.1711,-0.0014,0.0001,-1.07E+11,-7986938465,1.3275,80.8206,27253044.63,112.0927
4/30/2001,1.9943,-0.0085,33286000000,0.5403,0.036,1325000000,0.1711,-0.0011,-0.0019,-95251000000,-7986938465,1.3275,76.6767,28011225.38,106.9986
5/31/2001,1.9237,-0.0103,34132000000,0.5403,0.036,1344000000,0.1711,-0.0011,-0.0066,-95251000000,-7986938465,1.3275,62.8994,27774532.82,82.924
6/30/2001,1.9307,-0.0123,33975000000,0.5403,0.036,1367000000,0.1711,-0.0011,-0.0066,-95251000000,-7986938465,1.3275,42.354,27489487.72,74.0438
7/31/2001,1.9639,-0.0135,32665000000,0.548,0.0389,1352000000,0.1711,0.0001,-0.0112,-1.03E+11,-7986938465,1.3275,74.6626,27662698.34,97.357
8/31/2001,1.9067,-0.0193,32546000000,0.548,0.0389,1310000000,0.1711,0.0001,-0.0103,-1.03E+11,-7986938465,1.3275,61.3352,27778216.51,82.5553
9/30/2001,1.9804,-0.0229,34799000000,0.548,0.0389,1526000000,0.1711,0.0001,-0.0101,-1.03E+11,-7986938465,1.3275,170.5123,26553279.26,174.9346
10/31/2001,1.9832,-0.0243,34053000000,0.5575,0.038,1414000000,0.1711,-0.0101,-0.0076,-88263000000,-7986938465,1.3275,146.3616,26632274.59,163.6371
11/30/2001,1.9365,-0.0268,32663000000,0.5575,0.038,1358000000,0.1711,-0.0101,-0.0037,-88263000000,-7986938465,1.3275,131.786,26596561.66,123.6956
12/31/2001,1.9472,-0.0255,32186000000,0.5575,0.038,1388000000,0.1711,-0.0101,-0.0078,-88263000000,-7986938465,1.3275,115.5606,26867476.26,106.1878
1/31/2002,1.9355,-0.0251,32016000000,0.557,0.0439,1425000000,0.1501,-0.0061,-0.0095,-1.03E+11,-16002234756,1.3365,117.941,26749414.32,104.0415
2/28/2002,1.9495,-0.0252,28195000000,0.557,0.0439,1473000000,0.1501,-0.0061,-0.0067,-1.03E+11,-16002234756,1.3365,80.8514,27435831,86.2719
3/31/2002,1.9029,-0.025,28781000000,0.557,0.0439,1453000000,0.1501,-0.0061,-0.011,-1.03E+11,-16002234756,1.3365,69.0529,27561806.96,76.765
4/30/2002,1.8685,-0.025,30773000000,0.5627,0.0386,1464000000,0.1501,0.0013,-0.0113,-1.15E+11,-16002234756,1.3365,56.8717,27455677.63,81.7761
5/31/2002,1.8184,-0.027,29898000000,0.5627,0.0386,1475000000,0.1501,0.0013,-0.0129,-1.15E+11,-16002234756,1.3365,64.4826,27649672.12,80.0332
6/30/2002,1.7602,-0.0299,32781000000,0.5627,0.0386,1445000000,0.1501,0.0013,-0.0136,-1.15E+11,-16002234756,1.3365,74.0157,27949273.83,91.9268
7/31/2002,1.8053,-0.0301,34097000000,0.567,0.0401,1425000000,0.1501,-0.0011,-0.016,-1.15E+11,-16002234756,1.3365,124.7703,28004141.74,99.7931
8/31/2002,1.8476,-0.03,32156000000,0.567,0.0401,1449000000,0.1501,-0.0011,-0.0178,-1.15E+11,-16002234756,1.3365,72.8574,28667627.12,104.3172
9/30/2002,1.8295,-0.03,33053000000,0.567,0.0401,1526000000,0.1501,-0.0011,-0.015,-1.15E+11,-16002234756,1.3365,141.009,29083383.25,119.2429
10/31/2002,1.8177,-0.0341,32474000000,0.5791,0.0412,1468000000,0.1501,-0.0006,-0.0161,-1.24E+11,-16002234756,1.3365,82.4277,29405873.51,115.0374
11/30/2002,1.7818,-0.0351,32122000000,0.5791,0.0412,1458000000,0.1501,-0.0006,-0.0147,-1.24E+11,-16002234756,1.3365,124.1223,29649068.11,121.2165
12/31/2002,1.778,-0.0351,32882000000,0.5791,0.0412,1551000000,0.1501,-0.0006,-0.0135,-1.24E+11,-16002234756,1.3365,129.7681,30068220.08,119.5185
1/31/2003,1.7176,-0.0349,30987000000,0.5782,0.0429,1601000000,0.1319,-0.0026,-0.0138,-1.35E+11,-29307731701,1.352,199.8806,30644361.26,125.68
2/28/2003,1.6798,-0.035,28674000000,0.5782,0.0429,1471000000,0.1319,-0.0026,-0.0136,-1.35E+11,-29307731701,1.352,170.6825,30011228.52,134.7557
3/31/2003,1.6629,-0.0349,28161000000,0.5782,0.0429,1422000000,0.1319,-0.0026,-0.0131,-1.35E+11,-29307731701,1.352,162.4932,29215401.02,167.5648
4/30/2003,1.6398,-0.0349,32551000000,0.5896,0.0326,1385000000,0.1319,-0.0016,-0.0178,-1.29E+11,-29307731701,1.352,123.0893,29264853.56,136.0623
5/31/2003,1.5452,-0.0353,34555000000,0.5896,0.0326,1420000000,0.1319,-0.0016,-0.017,-1.29E+11,-29307731701,1.352,108.8519,29501270.01,106.2791
6/30/2003,1.5033,-0.0374,36019000000,0.5896,0.0326,1329000000,0.1319,-0.0016,-0.0082,-1.29E+11,-29307731701,1.352,85.1013,29665631.23,88.8161
7/31/2003,1.5118,-0.0372,42739000000,0.5865,0.0348,1393000000,0.1319,0.0011,-0.0078,-1.30E+11,-29307731701,1.352,82.6416,30242665.08,80.5104
8/31/2003,1.5344,-0.0374,39971000000,0.5865,0.0348,1504000000,0.1319,0.0011,-0.0125,-1.30E+11,-29307731701,1.352,85.4158,30574238.21,69.1984
9/30/2003,1.5093,-0.0374,37227000000,0.5865,0.0348,1462000000,0.1319,0.0011,-0.0122,-1.30E+11,-29307731701,1.352,87.4697,31540464.82,80.1281
10/31/2003,1.4398,-0.0375,40927000000,0.5944,0.0321,1405000000,0.1319,-0.0013,-0.0131,-1.27E+11,-29307731701,1.352,70.9903,32179690.9,76.2746
11/30/2003,1.3964,-0.04,41367000000,0.5944,0.0321,1417000000,0.1319,-0.0013,-0.016,-1.27E+11,-29307731701,1.352,67.8077,32866521.88,73.7164
12/31/2003,1.3528,-0.0423,39955000000,0.5944,0.0321,1426000000,0.1319,-0.0013,-0.0161,-1.27E+11,-29307731701,1.352,64.8135,34274034.81,70.1903
1/31/2004,1.2979,-0.0424,35484000000,0.5981,0.0298,1341000000,0.1191,-0.0003,-0.0162,-1.37E+11,-41286950910,1.3648,74.0429,34587496.68,72.2428
2/29/2004,1.2864,-0.0425,37581000000,0.5981,0.0298,1316000000,0.1191,-0.0003,-0.0179,-1.37E+11,-41286950910,1.3648,82.4483,35225519.4,72.4565
3/31/2004,1.3342,-0.0425,44049000000,0.5981,0.0298,1431000000,0.1191,-0.0003,-0.0107,-1.37E+11,-41286950910,1.3648,76.2232,35909702.53,77.8692
4/30/2004,1.3441,-0.0425,45660000000,0.6005,0.0293,1379000000,0.1191,0.0029,-0.0108,-1.56E+11,-41286950910,1.3648,43.141,36762701.78,77.6274
5/31/2004,1.4203,-0.0422,49167000000,0.6005,0.0293,1411000000,0.1191,0.0029,-0.0123,-1.56E+11,-41286950910,1.3648,54.8919,36649055.01,89.2725
6/30/2004,1.4418,-0.0399,46117000000,0.6005,0.0293,1473000000,0.1191,0.0029,-0.0135,-1.56E+11,-41286950910,1.3648,57.131,37369868.78,77.3433
7/31/2004,1.397,-0.0382,46509000000,0.5997,0.0356,1436000000,0.1191,0.0027,-0.0144,-1.62E+11,-41286950910,1.3648,44.0674,38175739.75,74.618
8/31/2004,1.4065,-0.0364,46758000000,0.5997,0.0356,1489000000,0.1191,0.0027,-0.0145,-1.62E+11,-41286950910,1.3648,61.9794,38516882.43,68.6851
9/30/2004,1.4243,-0.0349,37843000000,0.5997,0.0356,1491000000,0.1191,0.0027,-0.0131,-1.62E+11,-41286950910,1.3648,78.9493,39722503.37,77.9795
10/31/2004,1.363,-0.0332,40769000000,0.6064,0.0303,1463000000,0.1191,0.0033,-0.0121,-1.81E+11,-41286950910,1.3648,97.7739,39866937.37,88.9444
11/30/2004,1.2981,-0.0309,40373000000,0.6064,0.0303,1495000000,0.1191,0.0033,-0.0117,-1.81E+11,-41286950910,1.3648,75.7233,39411734.52,84.0304
12/31/2004,1.3032,-0.0297,43519000000,0.6064,0.0303,1442000000,0.1191,0.0033,-0.0101,-1.81E+11,-41286950910,1.3648,37.8026,40372794.18,65.4446
1/31/2005,1.3048,-0.0275,42586000000,0.6091,0.0301,1398000000,0.1086,-0.0023,-0.0118,-1.71E+11,-43342943310,1.3884,50.4197,41033229.93,57.867
2/28/2005,1.2797,-0.0262,40170000000,0.6091,0.0301,1413000000,0.1086,-0.0023,-0.009,-1.71E+11,-43342943310,1.3884,53.7043,42571251.45,55.1389
3/31/2005,1.2745,-0.027,43356000000,0.6091,0.0301,1420000000,0.1086,-0.0023,-0.0131,-1.71E+11,-43342943310,1.3884,39.8403,46586103.95,53.176
4/30/2005,1.2923,-0.025,48079000000,0.6064,0.0261,1430000000,0.1086,0.0007,-0.0133,-1.81E+11,-43342943310,1.3884,51.577,46019867.08,70.7402
5/31/2005,1.3054,-0.0246,52407000000,0.6064,0.0261,1406000000,0.1086,0.0007,-0.0129,-1.81E+11,-43342943310,1.3884,56.3077,47349917.99,67.5329
6/30/2005,1.3044,-0.0224,52718000000,0.6064,0.0261,1468000000,0.1086,0.0007,-0.0096,-1.81E+11,-43342943310,1.3884,45.5913,48465699.1,70.8272
7/31/2005,1.3293,-0.02,53852000000,0.6036,0.0338,1448000000,0.1086,0.0055,-0.0093,-1.88E+11,-43342943310,1.3884,45.2968,49862846.8,63.0778
8/31/2005,1.3135,-0.0188,50877000000,0.6036,0.0338,1487000000,0.1086,0.0055,-0.0102,-1.88E+11,-43342943310,1.3884,47.8032,50499525.05,61.5264
9/30/2005,1.3071,-0.0172,43945000000,0.6036,0.0338,1594000000,0.1086,0.0055,-0.0073,-1.88E+11,-43342943310,1.3884,56.864,50708177,94.0301
10/31/2005,1.327,-0.015,51711000000,0.6132,0.0304,1613000000,0.1086,0.0045,-0.0086,-2.10E+11,-43342943310,1.3884,51.8539,50553925.96,66.0328
11/30/2005,1.3601,-0.0134,54636000000,0.6132,0.0304,1720000000,0.1086,0.0045,-0.0097,-2.10E+11,-43342943310,1.3884,42.441,52171876.69,66.5717
12/31/2005,1.3486,-0.0121,55843000000,0.6132,0.0304,1793000000,0.1086,0.0045,-0.0093,-2.10E+11,-43342943310,1.3884,40.2268,53795612.04,61.8343
1/31/2006,1.3336,-0.0101,54971000000,0.6156,0.0337,1942000000,0.0994,-0.0031,-0.0063,-2.00E+11,-46289425987,1.4026,45.1665,54392628.77,70.8925
2/28/2006,1.3485,-0.0091,53148000000,0.6156,0.0337,1932000000,0.0994,-0.0031,-0.0055,-2.00E+11,-46289425987,1.4026,46.0114,54555525.35,59.3089
3/31/2006,1.3768,-0.0071,58749000000,0.6156,0.0337,2085000000,0.0994,-0.0031,-0.0035,-2.00E+11,-46289425987,1.4026,43.8439,57213962.39,58.4669
4/30/2006,1.3574,-0.0056,61053000000,0.6122,0.0332,2190000000,0.0994,-0.0075,-0.0047,-2.05E+11,-46289425987,1.4026,46.1017,59612703.1,71.7486
5/31/2006,1.3097,-0.0074,63922000000,0.6122,0.0332,2193000000,0.0994,-0.0075,-0.0064,-2.05E+11,-46289425987,1.4026,40.3,57812851.5,62.9573
6/30/2006,1.3517,-0.0051,60635000000,0.6122,0.0332,2117000000,0.0994,-0.0075,-0.0065,-2.05E+11,-46289425987,1.4026,42.66,59639602.64,72.4032
7/31/2006,1.3293,-0.005,65269000000,0.6133,0.0333,2118000000,0.0994,0.0001,-0.0095,-2.18E+11,-46289425987,1.4026,32.0432,60127786.12,69.4223
8/31/2006,1.3105,-0.0074,63883000000,0.6133,0.0333,2097000000,0.0994,0.0001,-0.0105,-2.18E+11,-46289425987,1.4026,28.7103,58448588.67,59.1038
9/30/2006,1.3239,-0.0075,58634000000,0.6133,0.0333,2055000000,0.0994,0.0001,-0.0087,-2.18E+11,-46289425987,1.4026,35.1557,58643027.33,58.311
10/31/2006,1.3266,-0.0075,62195000000,0.6183,0.0294,2014000000,0.0994,-0.0029,-0.0107,-1.94E+11,-46289425987,1.4026,35.5806,59366436.64,61.2093
11/30/2006,1.2939,-0.0095,62482000000,0.6183,0.0294,2113000000,0.0994,-0.0029,-0.0104,-1.94E+11,-46289425987,1.4026,34.9007,60299770.08,58.7162
12/31/2006,1.2729,-0.01,66752000000,0.6183,0.0294,2061000000,0.0994,-0.0029,-0.0094,-1.94E+11,-46289425987,1.4026,32.6687,58960790.47,57.9125
1/31/2007,1.2775,-0.0099,73813000000,0.6225,0.0295,2162000000,0.0967,0.0098,-0.0116,-2.00E+11,-64681627027,1.4265,42.2348,60357452.66,64.3655
2/28/2007,1.277,-0.0099,65312000000,0.6225,0.0295,2162000000,0.0967,0.0098,-0.0125,-2.00E+11,-64681627027,1.4265,30.1629,61455870.6,54.606
3/31/2007,1.2611,-0.01,68455000000,0.6225,0.0295,2104000000,0.0967,0.0098,-0.0105,-2.00E+11,-64681627027,1.4265,33.6252,63485189.52,64.9099
4/30/2007,1.2088,-0.01,78729000000,0.6157,0.0247,2101000000,0.0967,-0.0014,-0.0116,-1.93E+11,-64681627027,1.4265,29.053,63893482.71,60.431
5/31/2007,1.212,-0.01,81859000000,0.6157,0.0247,2051000000,0.0967,-0.0014,-0.0082,-1.93E+11,-64681627027,1.4265,36.4455,63022722.85,57.1073
6/30/2007,1.1872,-0.0099,77049000000,0.6157,0.0247,1967000000,0.0967,-0.0014,-0.012,-1.93E+11,-64681627027,1.4265,29.2413,63670472.17,56.7187
7/31/2007,1.1535,-0.0123,77687000000,0.6185,0.041,1992000000,0.0967,-0.0005,-0.0148,-1.76E+11,-64681627027,1.4265,32.0513,62772557.27,47.7575
8/31/2007,1.2071,-0.0151,67610000000,0.6185,0.041,2099000000,0.0967,-0.0005,-0.0141,-1.76E+11,-64681627027,1.4265,35.399,65539637.11,78.3534
9/30/2007,1.1826,-0.0174,49896000000,0.6185,0.041,2160000000,0.0967,-0.0005,-0.0146,-1.76E+11,-64681627027,1.4265,34.2277,67842211.51,100.0083
10/31/2007,1.1118,-0.0201,33195000000,0.6272,0.0795,2198000000,0.0967,0.0032,-0.0202,-1.67E+11,-64681627027,1.4265,33.2442,69027897.13,79.7292
11/30/2007,1.1155,-0.0246,29847000000,0.6272,0.0795,2268000000,0.0967,0.0032,-0.0193,-1.67E+11,-64681627027,1.4265,35.4013,68950753.96,83.4364
12/31/2007,1.1472,-0.0281,27492000000,0.6272,0.0795,2427000000,0.0967,0.0032,-0.0247,-1.67E+11,-64681627027,1.4265,63.9477,70800074.63,96.9292
1/31/2008,1.1341,-0.0377,32562000000,0.6417,0.0718,2667000000,0.1174,-0.0026,-0.0234,-1.82E+11,-51560061987,1.4791,135.9861,74601629.89,134.6111
2/29/2008,1.0957,-0.0435,32079000000,0.6417,0.0718,2634000000,0.1174,-0.0026,-0.0278,-1.82E+11,-51560061987,1.4791,86.0445,78971537.54,99.2324
3/31/2008,1.0846,-0.0494,33147000000,0.6417,0.0718,2610000000,0.1174,-0.0026,-0.0241,-1.82E+11,-51560061987,1.4791,75.8945,85141782.7,120.0007
4/30/2008,1.0744,-0.0527,32868000000,0.6385,0.0692,2394000000,0.1174,-0.0014,-0.0229,-1.80E+11,-51560061987,1.4791,71.5937,89849530.12,92.0662
5/31/2008,1.053,-0.0525,32346000000,0.6385,0.0692,2378000000,0.1174,-0.0014,-0.0226,-1.80E+11,-51560061987,1.4791,67.0097,95298746.61,78.4418
6/30/2008,1.0515,-0.0524,32772000000,0.6385,0.0692,2481000000,0.1174,-0.0014,-0.0258,-1.80E+11,-51560061987,1.4791,64.5467,100476006.5,86.2644
7/31/2008,1.0397,-0.0525,34241000000,0.6728,0.0788,2498000000,0.1174,0.0034,-0.0248,-1.78E+11,-51560061987,1.4791,75.7142,99105986.26,96.5922
8/31/2008,1.1352,-0.0544,32411000000,0.6728,0.0788,2475000000,0.1174,0.0034,-0.0217,-1.78E+11,-51560061987,1.4791,72.9406,99179859.86,90.2402
9/30/2008,1.2222,-0.0605,33069000000,0.6728,0.0788,2839000000,0.1174,0.0034,-0.0184,-1.78E+11,-51560061987,1.4791,137.8283,93463005.9,162.2718
10/31/2008,1.4654,-0.0579,41446000000,0.7325,0.0678,2808000000,0.1174,-0.0197,-0.0169,-1.56E+11,-51560061987,1.4791,196.0645,86466622.01,208.1075
11/30/2008,1.5183,-0.0517,42432000000,0.7325,0.0678,3182000000,0.1174,-0.0197,-0.0252,-1.56E+11,-51560061987,1.4791,201.112,80997715.88,143.7074
12/31/2008,1.4884,-0.042,41927000000,0.7325,0.0678,3223000000,0.1174,-0.0197,-0.017,-1.56E+11,-51560061987,1.4791,161.3377,78486109.53,144.4752
1/31/2009,1.4812,-0.0403,43448000000,0.7711,0.0723,3667000000,0.1662,-0.008,-0.0122,-99402000000,-48587678355,1.4426,200.7303,75837626,145.795
2/28/2009,1.5369,-0.0317,43791000000,0.7711,0.0723,3787000000,0.1662,-0.008,-0.0143,-99402000000,-48587678355,1.4426,239.6607,71544329.65,147.4625
3/31/2009,1.5023,-0.031,42098000000,0.7711,0.0723,3423000000,0.1662,-0.008,-0.014,-99402000000,-48587678355,1.4426,192.0968,66117967.83,132.3095
4/30/2009,1.3972,-0.0288,46546000000,0.8028,0.0565,3121000000,0.1662,0.001,-0.0122,-87089000000,-48587678355,1.4426,122.307,62575779,102.4344
5/31/2009,1.3066,-0.0279,47128000000,0.8028,0.0565,3165000000,0.1662,0.001,-0.0128,-87089000000,-48587678355,1.4426,97.9374,65240273.93,103.6024
6/30/2009,1.2463,-0.0284,48073000000,0.8028,0.0565,2957000000,0.1662,0.001,-0.02,-87089000000,-48587678355,1.4426,111.8847,64198266.07,117.2919
7/31/2009,1.243,-0.0284,48961000000,0.8243,0.0594,2911000000,0.1662,-0.0011,-0.019,-91384000000,-48587678355,1.4426,101.8568,66141123.13,106.5768
8/31/2009,1.1972,-0.0285,46552000000,0.8243,0.0594,2923000000,0.1662,-0.0011,-0.0213,-91384000000,-48587678355,1.4426,86.3381,68017666.64,103.1743
9/30/2009,1.1609,-0.0288,39606000000,0.8243,0.0594,2905000000,0.1662,-0.0011,-0.0193,-91384000000,-48587678355,1.4426,70.1897,69103413.57,106.2788
10/31/2009,1.1035,-0.0309,39426000000,0.8403,0.0669,2915000000,0.1662,0.0025,-0.0205,-1.02E+11,-48587678355,1.4426,64.4839,71625606.25,91.9931
11/30/2009,1.0865,-0.0336,36011000000,0.8403,0.0669,3289000000,0.1662,0.0025,-0.0188,-1.02E+11,-48587678355,1.4426,86.084,72202330.9,105.5555
12/31/2009,1.1099,-0.0363,36795000000,0.8403,0.0669,3113000000,0.1662,0.0025,-0.0174,-1.02E+11,-48587678355,1.4426,103.1181,74642817.9,102.744
1/31/2010,1.0961,-0.0362,36848000000,0.8651,0.0759,3108000000,0.2035,-0.008,-0.0187,-1.03E+11,-46011759616,1.5036,133.3661,75494607.27,118.0016
2/28/2010,1.1293,-0.0359,34617000000,0.8651,0.0759,3197000000,0.2035,-0.008,-0.0175,-1.03E+11,-46011759616,1.5036,120.6336,77344498.56,114.7846
3/31/2010,1.0962,-0.0378,31762000000,0.8651,0.0759,3127000000,0.2035,-0.008,-0.0177,-1.03E+11,-46011759616,1.5036,89.01,88907019.37,114.8807
4/30/2010,1.0797,-0.0402,34567000000,0.8813,0.0856,3255000000,0.2035,-0.0067,-0.0238,-1.12E+11,-46011759616,1.5036,78.2563,90453143.65,109.3035
5/31/2010,1.1508,-0.043,32393000000,0.8813,0.0856,3651000000,0.2035,-0.0067,-0.0228,-1.12E+11,-46011759616,1.5036,116.3739,91438769.13,147.5677
6/30/2010,1.1716,-0.0432,33422000000,0.8813,0.0856,3747000000,0.2035,-0.0067,-0.0232,-1.12E+11,-46011759616,1.5036,128.797,94806631.79,138.5808
7/31/2010,1.1409,-0.0431,37770000000,0.8957,0.081,3340000000,0.2035,-0.0044,-0.0245,-1.17E+11,-46011759616,1.5036,176.1823,98481938.24,148.8848
8/31/2010,1.1108,-0.0431,32086000000,0.8957,0.081,3587000000,0.2035,-0.0044,-0.0232,-1.17E+11,-46011759616,1.5036,137.4216,98992403.7,123.5816
9/30/2010,1.0657,-0.0431,33260000000,0.8957,0.081,3471000000,0.2035,-0.0044,-0.0246,-1.17E+11,-46011759616,1.5036,192.173,98786922.79,133.104
10/31/2010,1.0184,-0.0431,34313000000,0.9161,0.0854,3542000000,0.2035,0.004,-0.0233,-1.01E+11,-46011759616,1.5036,206.4416,100582118,127.1056
11/30/2010,1.0112,-0.0455,33854000000,0.9161,0.0854,3693000000,0.2035,0.004,-0.0209,-1.01E+11,-46011759616,1.5036,147.2513,104132300.3,130.9836
12/31/2010,1.0059,-0.0458,32267000000,0.9161,0.0854,3551000000,0.2035,0.004,-0.0217,-1.01E+11,-46011759616,1.5036,145.4155,108508687.4,135.0958
1/31/2011,1.0043,-0.0459,31200000000,0.9296,0.1,3433000000,0.2404,-0.0038,-0.0194,-1.19E+11,-45650780614,1.5111,140.099,113753183,114.9262
2/28/2011,0.9914,-0.0461,30254000000,0.9296,0.1,3564000000,0.2404,-0.0038,-0.022,-1.19E+11,-45650780614,1.5111,125.855,115659271.5,96.7399
3/31/2011,0.989,-0.0465,26163000000,0.9296,0.1,3575000000,0.2404,-0.0038,-0.0198,-1.19E+11,-45650780614,1.5111,131.1848,123059828.7,130.8881
4/30/2011,0.9447,-0.0466,28963000000,0.9219,0.0875,3617000000,0.2404,0.0022,-0.0234,-1.19E+11,-45650780614,1.5111,106.4717,126409410,119.5991
5/31/2011,0.9367,-0.0466,30495000000,0.9219,0.0875,3684000000,0.2404,0.0022,-0.0233,-1.19E+11,-45650780614,1.5111,77.5171,126869521.7,94.5391
6/30/2011,0.942,-0.0468,31363000000,0.9219,0.0875,3599000000,0.2404,0.0022,-0.0216,-1.19E+11,-45650780614,1.5111,102.3373,126946967.4,124.7179
7/31/2011,0.9278,-0.0465,30718000000,0.9452,0.0948,3817000000,0.2404,0.0005,-0.0272,-1.07E+11,-45650780614,1.5111,211.1058,126624391.7,153.8542
8/31/2011,0.9525,-0.0467,33078000000,0.9452,0.0948,4355000000,0.2404,0.0005,-0.0251,-1.07E+11,-45650780614,1.5111,227.5735,123639967.4,217.1453
9/30/2011,0.9775,-0.0468,33637000000,0.9452,0.0948,4252000000,0.2404,0.0005,-0.0205,-1.07E+11,-45650780614,1.5111,206.8553,118483164.7,194.5425
10/31/2011,0.9862,-0.0467,34177000000,0.9609,0.0841,4207000000,0.2404,0.0045,-0.0236,-1.10E+11,-45650780614,1.5111,100.7116,112891972.8,167.0726
11/30/2011,0.9912,-0.0444,33662000000,0.9609,0.0841,4473000000,0.2404,0.0045,-0.021,-1.10E+11,-45650780614,1.5111,131.4133,109284360.2,191.7782
12/31/2011,0.988,-0.0422,35450000000,0.9609,0.0841,3980000000,0.2404,0.0045,-0.0186,-1.10E+11,-45650780614,1.5111,152.0723,108732605.5,178.5105
1/31/2012,0.9615,-0.0415,36172000000,0.9712,0.0821,4209000000,0.2752,0.0046,-0.0183,-1.14E+11,-68773026172,1.5401,121.4916,109900215,154.8354
2/29/2012,0.932,-0.0412,38581000000,0.9712,0.0821,4201000000,0.2752,0.0046,-0.018,-1.14E+11,-68773026172,1.5401,84.2983,110773961.1,141.6007
3/31/2012,0.9502,-0.0411,39257000000,0.9712,0.0821,4103000000,0.2752,0.0046,-0.021,-1.14E+11,-68773026172,1.5401,71.0413,108273624.1,132.9799
4/30/2012,0.9662,-0.0409,36929000000,0.9783,0.0852,4056000000,0.2752,-0.0029,-0.0206,-1.10E+11,-68773026172,1.5401,72.2523,106281802.1,130.4753
5/31/2012,1.0032,-0.0361,42127000000,0.9783,0.0852,4112000000,0.2752,-0.0029,-0.0166,-1.10E+11,-68773026172,1.5401,96.5752,103506293.1,160.0435
6/30/2012,1.0017,-0.0338,36550000000,0.9783,0.0852,4027000000,0.2752,-0.0029,-0.0147,-1.10E+11,-68773026172,1.5401,117.7463,102888587.5,183.5516
7/31/2012,0.9709,-0.0337,36440000000,0.9845,0.097,3956000000,0.2752,-0.0094,-0.0121,-98866000000,-68773026172,1.5401,129.3581,100146452.8,152.9182
8/31/2012,0.9547,-0.0336,33356000000,0.9845,0.097,4109000000,0.2752,-0.0094,-0.0147,-98866000000,-68773026172,1.5401,133.7219,94694202.33,117.1101
9/30/2012,0.9614,-0.0334,33951000000,0.9845,0.097,4357000000,0.2752,-0.0094,-0.0134,-98866000000,-68773026172,1.5401,109.5183,92137196.29,154.0253
10/31/2012,0.9715,-0.0311,38469000000,1.0008,0.0866,4253000000,0.2752,0.0047,-0.0137,-95400000000,-68773026172,1.5401,157.8139,93056373.87,151.5319
11/30/2012,0.9614,-0.0309,35224000000,1.0008,0.0866,4248000000,0.2752,0.0047,-0.0137,-95400000000,-68773026172,1.5401,195.8597,94034760.97,166.3322
12/31/2012,0.956,-0.0289,36446000000,1.0008,0.0866,4114000000,0.2752,0.0047,-0.0132,-95400000000,-68773026172,1.5401,187.6642,99365907.16,170.7044
1/31/2013,0.9528,-0.0285,35573000000,1.0074,0.0807,4112000000,0.3046,0.0001,-0.0142,-90923000000,-51382660469,1.4471,168.8413,101152638.9,167.7947
2/28/2013,0.97,-0.0286,33037000000,1.0074,0.0807,3969000000,0.3046,0.0001,-0.0154,-90923000000,-51382660469,1.4471,125.9196,99261761.62,123.4683
3/31/2013,0.9667,-0.0285,38247000000,1.0074,0.0807,3936000000,0.3046,0.0001,-0.0175,-90923000000,-51382660469,1.4471,110.2652,98168706.01,145.9011
4/30/2013,0.9634,-0.0289,39561000000,1.0006,0.0637,3638000000,0.3046,-0.005,-0.0132,-89161000000,-51382660469,1.4471,57.292,95248853.65,136.6674
5/31/2013,1.0098,-0.0271,40851000000,1.0006,0.0637,3710000000,0.3046,-0.005,-0.0102,-89161000000,-51382660469,1.4471,46.9729,90855951,108.484
6/30/2013,1.0597,-0.0266,41164000000,1.0006,0.0637,3300000000,0.3046,-0.005,-0.0098,-89161000000,-51382660469,1.4471,56.837,90474184.37,128.3505
7/31/2013,1.0927,-0.0267,44109000000,0.9873,0.0691,3734000000,0.3046,-0.0063,-0.0103,-85392000000,-51382660469,1.4471,74.6558,90559992.79,108.7361
8/31/2013,1.1067,-0.0247,44097000000,0.9873,0.0691,4002000000,0.3046,-0.0063,-0.0108,-85392000000,-51382660469,1.4471,77.0487,91690379.89,120.0216
9/30/2013,1.0773,-0.0241,41942000000,0.9873,0.0691,3658000000,0.3046,-0.0063,-0.0141,-85392000000,-51382660469,1.4471,85.3103,91446940.45,139.2669
10/31/2013,1.0509,-0.0242,45976000000,0.9979,0.0585,3582000000,0.3046,-0.004,-0.0129,-74041000000,-51382660469,1.4471,138.5677,90719096.44,169.3655
11/30/2013,1.0738,-0.0241,48480000000,0.9979,0.0585,3540000000,0.3046,-0.004,-0.0128,-74041000000,-51382660469,1.4471,62.9187,91661191.32,104.4622
12/31/2013,1.114,-0.0243,47978000000,0.9979,0.0585,3447000000,0.3046,-0.004,-0.014,-74041000000,-51382660469,1.4471,67.3442,90562351.13,123.7431
1/31/2014,1.1291,-0.0243,41396000000,1.0235,0.0578,3665000000,0.3403,0.0005,-0.0145,-90914000000,-45408479347,1.4525,72.7403,89754643.12,115.7674
2/28/2014,1.1141,-0.0242,40251000000,1.0235,0.0578,3806000000,0.3403,0.0005,-0.0138,-90914000000,-45408479347,1.4525,70.1146,86364224.13,101.7405
3/31/2014,1.1004,-0.0241,51124000000,1.0235,0.0578,3597000000,0.3403,0.0005,-0.0138,-90914000000,-45408479347,1.4525,66.2903,84818331.76,115.4524
4/30/2014,1.0736,-0.0241,51125000000,1.0065,0.057,3562000000,0.3403,0.0006,-0.0147,-87169000000,-45408479347,1.4525,41.8653,81890245.73,111.1527
5/31/2014,1.0751,-0.024,54205000000,1.0065,0.057,3445000000,0.3403,0.0006,-0.0118,-87169000000,-45408479347,1.4525,37.661,78992048.04,107.4312
6/30/2014,1.0678,-0.0241,52100000000,1.0065,0.057,3584000000,0.3403,0.0006,-0.0117,-87169000000,-45408479347,1.4525,35.4147,77917507.47,91.7648
7/31/2014,1.0653,-0.0241,51998000000,1.0011,0.0586,3539000000,0.3403,-0.0022,-0.0107,-89189000000,-45408479347,1.4525,52.949,76364587.04,94.9529
8/31/2014,1.0742,-0.0241,49433000000,1.0011,0.0586,3531000000,0.3403,-0.0022,-0.009,-89189000000,-45408479347,1.4525,38.3461,74369605.76,97.4497
9/30/2014,1.1049,-0.0241,49947000000,1.0011,0.0586,3569000000,0.3403,-0.0022,-0.0127,-89189000000,-45408479347,1.4525,44.688,71538860.28,122.4596
10/31/2014,1.1392,-0.0241,42925000000,1.0128,0.0574,3395000000,0.3403,-0.0044,-0.0101,-1.03E+11,-45408479347,1.4525,44.6068,70069033.68,112.9774
11/30/2014,1.1578,-0.0238,50578000000,1.0128,0.0574,3576000000,0.3403,-0.0044,-0.0108,-1.03E+11,-45408479347,1.4525,44.7997,67095722.53,120.1106
12/31/2014,1.2133,-0.0239,54474000000,1.0128,0.0574,3754000000,0.3403,-0.0044,-0.0108,-1.03E+11,-45408479347,1.4525,45.4087,66810328.84,111.4689
1/31/2015,1.2388,-0.0239,44652000000,1.0049,0.0554,4106000000,0.3771,-0.0083,-0.0064,-99395000000,-58275684539,1.4741,59.6213,63709731.58,129.7
2/28/2015,1.2828,-0.0217,48173000000,1.0049,0.0554,3950000000,0.3771,-0.0083,-0.0045,-99395000000,-58275684539,1.4741,54.4611,60341619.91,115.9189
3/31/2015,1.2949,-0.0213,60040000000,1.0049,0.0554,3942000000,0.3771,-0.0083,-0.0054,-99395000000,-58275684539,1.4741,53.6587,56973894.34,112.7599
4/30/2015,1.2924,-0.0213,51194000000,0.993,0.0618,3749000000,0.3771,0.0003,-0.0021,-99475000000,-58275684539,1.4741,62.9337,57619098.68,101.8266
5/31/2015,1.2681,-0.0191,55924000000,0.993,0.0618,3941000000,0.3771,0.0003,-0.0052,-99475000000,-58275684539,1.4741,45.5735,58015384.86,104.7701
6/30/2015,1.2962,-0.0187,50978000000,0.993,0.0618,3865000000,0.3771,0.0003,-0.0067,-99475000000,-58275684539,1.4741,56.8147,55126709.21,119.777
7/31/2015,1.3485,-0.0186,50796000000,0.9864,0.0603,3817000000,0.3771,-0.0009,-0.0075,-1.10E+11,-58275684539,1.4741,64.2084,54356830.62,123.7926
8/31/2015,1.371,-0.0186,50201000000,0.9864,0.0603,4025000000,0.3771,-0.0009,-0.0057,-1.10E+11,-58275684539,1.4741,54.889,54231525.48,120.1729
9/30/2015,1.4182,-0.0188,54448000000,0.9864,0.0603,4029000000,0.3771,-0.0009,-0.0065,-1.10E+11,-58275684539,1.4741,52.4083,53234021.35,153.9584
10/31/2015,1.3879,-0.0188,42210000000,1.0264,0.0584,4079000000,0.3771,-0.0038,-0.004,-99657000000,-58275684539,1.4741,55.6052,50287067.38,116.205
11/30/2015,1.3997,-0.0176,48076000000,1.0264,0.0584,3697000000,0.3771,-0.0038,-0.0065,-99657000000,-58275684539,1.4741,44.0567,47987730.55,105.9755
12/31/2015,1.3798,-0.0166,50899000000,1.0264,0.0584,3639000000,0.3771,-0.0038,-0.0076,-99657000000,-58275684539,1.4741,45.7348,46926154.36,112.9741
1/31/2016,1.4255,-0.0162,43007000000,1.0399,0.0643,3819000000,0.4059,0.0012,-0.0093,-1.04E+11,-43642992157,1.4502,68.7645,48370240.08,144.6665
2/29/2016,1.4021,-0.0164,42574000000,1.0399,0.0643,4050000000,0.4059,0.0012,-0.0058,-1.04E+11,-43642992157,1.4502,58.6045,51173287.62,147.7116
3/31/2016,1.3329,-0.0163,48650000000,1.0399,0.0643,3783000000,0.4059,0.0012,-0.0075,-1.04E+11,-43642992157,1.4502,52.4835,52586801.31,159.913
4/30/2016,1.305,-0.0163,48143000000,1.0358,0.0664,3933000000,0.4059,0.0043,-0.007,-1.00E+11,-43642992157,1.4502,44.737,51928342.15,142.7745
5/31/2016,1.3678,-0.0139,60212000000,1.0358,0.0664,3920000000,0.4059,0.0043,-0.0068,-1.00E+11,-43642992157,1.4502,54.5926,51559707.91,126.7344
6/30/2016,1.3513,-0.0136,52796000000,1.0358,0.0664,4165000000,0.4059,0.0043,-0.0063,-1.00E+11,-43642992157,1.4502,105.3647,53220351.9,230.8549
7/31/2016,1.3287,-0.0135,47837000000,1.036,0.0664,4178000000,0.4059,-0.0031,-0.0038,-99562000000,-43642992157,1.4502,81.42,55370095.23,204.3142
8/31/2016,1.3109,-0.0112,45424000000,1.036,0.0664,4080000000,0.4059,-0.0031,-0.0026,-99562000000,-43642992157,1.4502,68.5903,56558100,135.1996
9/30/2016,1.3177,-0.011,51511000000,1.036,0.0664,4059000000,0.4059,-0.0031,-0.0024,-99562000000,-43642992157,1.4502,44.3757,59335011.01,136.2281
10/31/2016,1.3138,-0.0109,46073000000,1.0465,0.0511,3913000000,0.4059,0.0009,-0.0009,-92158000000,-43642992157,1.4502,57.4684,66863431.76,126.5019
11/30/2016,1.3288,-0.0096,49787000000,1.0465,0.0511,3691000000,0.4059,0.0009,-0.0005,-92158000000,-43642992157,1.4502,157.05,69607018.12,229.2629
12/31/2016,1.3632,-0.0085,62661000000,1.0465,0.0511,3751000000,0.4059,0.0009,-0.0037,-92158000000,-43642992157,1.4502,132.6052,70649229.14,185.5407
1/31/2017,1.3411,-0.0084,48744000000,1.0294,0.0503,3753000000,0.4115,0.0025,-0.0029,-85463000000,-39788842177,1.4776,135.3635,72332699.07,248.1435
2/28/2017,1.3049,-0.0071,49594000000,1.0294,0.0503,3825000000,0.4115,0.0025,-0.0026,-85463000000,-39788842177,1.4776,108.9871,71164982.38,186.3381
3/31/2017,1.312,-0.006,66120000000,1.0294,0.0503,3814000000,0.4115,0.0025,-0.005,-85463000000,-39788842177,1.4776,111.4806,67943843.13,237.6621
4/30/2017,1.3274,-0.0059,64857000000,1.0209,0.0479,3968000000,0.4115,-0.0007,-0.0026,-1.04E+11,-39788842177,1.4776,93.2153,65177516.71,177.4766
5/31/2017,1.3447,-0.0046,69280000000,1.0209,0.0479,3980000000,0.4115,-0.0007,-0.0036,-1.04E+11,-39788842177,1.4776,89.8297,63600641.16,144.984
6/30/2017,1.3225,-0.0035,69005000000,1.0209,0.0479,3782000000,0.4115,-0.0007,-0.001,-1.04E+11,-39788842177,1.4776,71.4217,64823865.64,172.7365
7/31/2017,1.2826,-0.0034,56378000000,1.028,0.054,3717000000,0.4115,-0.0015,-0.0045,-85766000000,-39788842177,1.4776,89.1694,67527335.97,166.6196
8/31/2017,1.2635,-0.0035,61457000000,1.028,0.054,3889000000,0.4115,-0.0015,-0.0043,-85766000000,-39788842177,1.4776,94.5323,68971218.41,140.9606
9/30/2017,1.2542,-0.0035,60892000000,1.028,0.054,3833000000,0.4115,-0.0015,-0.0035,-85766000000,-39788842177,1.4776,97.2477,66204687.58,158.7987
10/31/2017,1.2843,-0.0034,63168000000,1.0227,0.0461,3877000000,0.4115,0.0017,-0.0042,-92446000000,-39788842177,1.4776,87.6603,66939045.95,145.041
11/30/2017,1.3123,-0.002,70046000000,1.0227,0.0461,3953000000,0.4115,0.0017,-0.0017,-92446000000,-39788842177,1.4776,136.8363,68926801.96,161.1599
12/31/2017,1.3071,-0.0009,74099000000,1.0227,0.0461,3876000000,0.4115,0.0017,0,-92446000000,-39788842177,1.4776,122.3765,73487802.69,149.3949
1/31/2018,1.2586,-0.0008,55004000000,1.0374,0.0529,3902000000,0.417,0.004,0.0011,-96829000000,-36568483542,1.4704,152.8065,75990287.06,179.2555
2/28/2018,1.2708,0.0001,60607000000,1.0374,0.0529,3961000000,0.417,0.004,-0.0001,-96829000000,-36568483542,1.4704,110.075,74304763.34,127.3289
3/31/2018,1.2888,0.0019,65997000000,1.0374,0.0529,4045000000,0.417,0.004,0.0016,-96829000000,-36568483542,1.4704,134.5781,72300872.51,183.2436
4/30/2018,1.3016,0.002,61459000000,1.0298,0.0498,4062000000,0.417,0.0019,0.0025,-94724000000,-36568483542,1.4704,140.3627,72857482.1,166.4376
5/31/2018,1.3287,0.0032,71713000000,1.0298,0.0498,3814000000,0.417,0.0019,0.0012,-94724000000,-36568483542,1.4704,155.0894,72902464.23,172.5672
6/30/2018,1.3341,0.0041,64370000000,1.0298,0.0498,3739000000,0.417,0.0019,0.0019,-94724000000,-36568483542,1.4704,196.6987,73168305.43,165.4875
7/31/2018,1.3509,0.0041,57296000000,1.0345,0.0501,3631000000,0.417,-0.0004,0.0025,-1.19E+11,-36568483542,1.4704,210.8074,73546493.21,230.3336
8/31/2018,1.3653,0.0045,59179000000,1.0345,0.0501,3661000000,0.417,-0.0004,0.0041,-1.19E+11,-36568483542,1.4704,168.8752,75338034.87,173.5093
9/30/2018,1.3879,0.0069,61481000000,1.0345,0.0501,3633000000,0.417,-0.0004,0.0052,-1.19E+11,-36568483542,1.4704,180.3033,76517917.72,194.7373
10/31/2018,1.4068,0.007,51760000000,1.0505,0.0524,3790000000,0.417,-0.0012,0.0044,-1.29E+11,-36568483542,1.4704,210.6232,76513571.87,215.239
11/30/2018,1.3799,0.0077,54112000000,1.0505,0.0524,3678000000,0.417,-0.0012,0.0015,-1.29E+11,-36568483542,1.4704,270.593,74878623.96,249.5411
12/31/2018,1.3953,0.009,64333000000,1.0505,0.0524,4005000000,0.417,-0.0012,0.0028,-1.29E+11,-36568483542,1.4704,493.8158,77266418.4,221.6223
1/31/2019,1.3989,0.009,49131000000,1.0434,0.0529,4024000000,0.4666,0.0027,0.0041,-1.15E+11,-288440267.9,1.4593,471.4684,79594368.18,245.2595
2/28/2019,1.4014,0.0091,55622000000,1.0434,0.0529,4080000000,0.4666,0.0027,0.0044,-1.15E+11,-288440267.9,1.4593,359.5746,80200917.01,174.3545
3/31/2019,1.4121,0.0092,64310000000,1.0434,0.0529,4040000000,0.4666,0.0027,0.0057,-1.15E+11,-288440267.9,1.4593,256.0023,78642935.17,242.1389
4/30/2019,1.4063,0.0089,62825000000,1.0292,0.0576,4026000000,0.4666,0.0012,0.0054,-1.18E+11,-288440267.9,1.4593,233.604,79819210.98,192.4058
5/31/2019,1.4402,0.0088,66774000000,1.0292,0.0576,4140000000,0.4666,0.0012,0.0042,-1.18E+11,-288440267.9,1.4593,309.4619,80665720.36,225.1954
6/30/2019,1.4397,0.0112,64527000000,1.0292,0.0576,4440000000,0.4666,0.0012,0.0067,-1.18E+11,-288440267.9,1.4593,516.5507,82579168.8,324.0019
7/31/2019,1.4327,0.0111,51520000000,1.0461,0.0714,4576000000,0.4666,-0.0019,0.0031,-1.10E+11,-288440267.9,1.4593,342.7242,78691586.07,250.8894
8/31/2019,1.4761,0.0104,58021000000,1.0461,0.0714,5028000000,0.4666,-0.0019,0.0074,-1.10E+11,-288440267.9,1.4593,675.8761,76146262.58,292.5559
9/30/2019,1.4683,0.0083,54584000000,1.0461,0.0714,4864000000,0.4666,-0.0019,0.0068,-1.10E+11,-288440267.9,1.4593,385.6093,73213342.98,238.6125
10/31/2019,1.4711,0.0079,54954000000,1.0578,0.041,4821000000,0.4666,0.0001,0.0077,-99217000000,-288440267.9,1.4593,430.7258,72996761.03,202.8422
11/30/2019,1.465,0.008,63069000000,1.0578,0.041,4762000000,0.4666,0.0001,0.0071,-99217000000,-288440267.9,1.4593,284.652,72801222.95,244.9157
12/31/2019,1.4518,0.008,70922000000,1.0578,0.041,3395000000,0.4666,0.0001,0.0056,-99217000000,-288440267.9,1.4593,330.0723,73473005.44,233.1054
1/31/2020,1.4579,0.0083,59235000000,1.0689,0.0588,4679000000,0.57,0.0002,0.0034,-98334000000,24898962625,1.4312,483.5519,72968496.17,193.1032
2/29/2020,1.5001,-0.001,68868000000,1.0689,0.0588,5454000000,0.57,0.0002,-0.0011,-98334000000,24898962625,1.4312,422.38,72018354.09,197.662
3/31/2020,1.612,-0.0038,75953000000,1.0689,0.0588,5342000000,0.57,0.0002,-0.0022,-98334000000,24898962625,1.4312,1103.2777,69588228.54,319.062
4/30/2020,1.585,-0.002,48083000000,1.3281,0.076,5399000000,0.57,0.0091,-0.0018,-1.48E+11,24898962625,1.4312,1439.885,70121319.78,329.9317
5/31/2020,1.5346,-0.0017,45345000000,1.3281,0.076,5063000000,0.57,0.0091,-0.0017,-1.48E+11,24898962625,1.4312,1286.5723,70377521.01,418.6157
6/30/2020,1.4495,-0.0016,46644000000,1.3281,0.076,4612000000,0.57,0.0091,-0.0031,-1.48E+11,24898962625,1.4312,1279.3203,70077394.97,312.1598
7/31/2020,1.4217,-0.0015,45632000000,1.2426,0.0949,4703000000,0.57,-0.0043,-0.0025,-1.67E+11,24898962625,1.4312,1255.5752,72209600.07,315.3719
8/31/2020,1.3884,-0.0016,44921000000,1.2426,0.0949,5031000000,0.57,-0.0043,-0.0023,-1.67E+11,24898962625,1.4312,1059.7116,73231450.32,292.0046
9/30/2020,1.3842,-0.0016,45653000000,1.2426,0.0949,5782000000,0.57,-0.0043,-0.001,-1.67E+11,24898962625,1.4312,936.1657,74340243.77,312.3465
10/31/2020,1.4033,-0.0016,45913000000,1.2573,0.0796,5391000000,0.57,-0.0014,0.0007,-1.80E+11,24898962625,1.4312,1105.4381,77691976.08,308.132
11/30/2020,1.3739,-0.0002,44568000000,1.2573,0.0796,4201000000,0.57,-0.0014,0.0007,-1.80E+11,24898962625,1.4312,1042.172,86940274.42,401.6168
12/31/2020,1.3271,-0.0001,41714000000,1.2573,0.0796,4397000000,0.57,-0.0014,0.001,-1.80E+11,24898962625,1.4312,736.9052,93387841.05,305.1915
1/31/2021,1.2947,-0.0002,40665000000,1.2417,0.0736,4218000000,0.5545,0.004,0.0021,-1.89E+11,40641090355,1.3957,771.0042,95042905.59,274.4686
2/28/2021,1.2899,-0.0003,42089000000,1.2417,0.0736,4351000000,0.5545,0.004,0.0028,-1.89E+11,40641090355,1.3957,525.41,97064783.78,196.158
3/31/2021,1.2971,-0.0003,48427000000,1.2417,0.0736,4561000000,0.5545,0.004,-0.0007,-1.89E+11,40641090355,1.3957,593.5532,100450232.2,214.2336
4/30/2021,1.2986,-0.0004,46591000000,1.2208,0.0869,4952000000,0.5545,0.0109,-0.0006,-2.09E+11,40641090355,1.3957,432.868,107169007.9,196.7429
5/31/2021,1.2887,-0.0002,46218000000,1.2208,0.0869,5839000000,0.5545,0.0109,-0.0014,-2.09E+11,40641090355,1.3957,490.2926,113495500.8,175.166
6/30/2021,1.3085,0,49617000000,1.2208,0.0869,5568000000,0.5545,0.0109,-0.0021,-2.09E+11,40641090355,1.3957,506.5327,116018786,172.5045
7/31/2021,1.3477,-0.0001,48457000000,1.1884,0.069,5873000000,0.5545,0.0085,0.0003,-2.33E+11,40641090355,1.3957,585.1003,106499529.8,190.9717
8/31/2021,1.3692,-0.0002,51025000000,1.1884,0.069,5716000000,0.5545,0.0085,0.0024,-2.33E+11,40641090355,1.3957,420.0797,98831207.19,203.9027
9/30/2021,1.3666,-0.0002,53019000000,1.1884,0.069,5587000000,0.5545,0.0085,0.003,-2.33E+11,40641090355,1.3957,537.161,102219154.7,214.193
10/31/2021,1.3503,-0.0002,47665000000,1.1953,0.0701,5416000000,0.5545,0.008,-0.0015,-2.28E+11,40641090355,1.3957,501.4358,106231967.7,189.6288
11/30/2021,1.3694,-0.0002,51806000000,1.1953,0.0701,5835000000,0.5545,0.008,-0.0034,-2.28E+11,40641090355,1.3957,601.0813,107016121.4,231.7392
12/31/2021,1.3961,-0.0002,51579000000,1.1953,0.0701,5590000000,0.5545,0.008,0.0015,-2.28E+11,40641090355,1.3957,659.7797,115137129.1,262.0784
1/31/2022,1.3925,-0.0002,51208000000,1.2056,0.0731,5916000000,0.5026,0.0005,0.0004,-2.83E+11,5707008581,1.3599,499.0032,121505375.6,224.7869
2/28/2022,1.3949,0.001,50293000000,1.2056,0.0731,5973000000,0.5026,0.0005,0.0002,-2.83E+11,5707008581,1.3599,566.3554,132026131.4,177.6645
3/31/2022,1.3564,0.0023,48484000000,1.2056,0.0731,5498000000,0.5026,0.0005,0.0025,-2.83E+11,5707008581,1.3599,732.0468,142297547.9,300.4957
4/30/2022,1.3585,0.0067,48415000000,1.1846,0.0798,5664000000,0.5026,0.0061,-0.0011,-2.55E+11,5707008581,1.3599,480.625,136177948.9,271.7617
5/31/2022,1.4193,0.0088,48831000000,1.1846,0.0798,5747000000,0.5026,0.0061,-0.0024,-2.55E+11,5707008581,1.3599,571.4977,136516366.3,279.3239
6/30/2022,1.4248,0.0095,50003000000,1.1846,0.0798,6262000000,0.5026,0.0061,-0.0087,-2.55E+11,5707008581,1.3599,631.9783,129385815.1,251.0787
7/31/2022,1.4594,0.0105,50855000000,1.1773,0.0717,5942000000,0.5026,-0.005,-0.0053,-2.25E+11,5707008581,1.3599,602.2413,126079178.6,296.6005
8/31/2022,1.4367,0.0075,52046000000,1.1773,0.0717,5903000000,0.5026,-0.005,0.0016,-2.25E+11,5707008581,1.3599,538.3229,127949734,238.2448
9/30/2022,1.4979,0.0083,53887000000,1.1773,0.0717,5940000000,0.5026,-0.005,0.0023,-2.25E+11,5707008581,1.3599,529.467,123819286,251.3036
10/31/2022,1.5698,0.012,56251000000,1.1753,0.0585,5163000000,0.5026,-0.0086,-0.0003,-2.30E+11,5707008581,1.3599,540.7032,121335659.6,267.785
11/30/2022,1.5156,0.0126,58286000000,1.1753,0.0585,4624000000,0.5026,-0.0086,-0.0008,-2.30E+11,5707008581,1.3599,573.1347,123755752.5,314.6673
12/31/2022,1.4824,0.0128,56797000000,1.1753,0.0585,4900000000,0.5026,-0.0086,-0.0002,-2.30E+11,5707008581,1.3599,446.2461,126446247.7,242.7438
1/31/2023,1.4395,0.0147,54212000000,1.1581,0.0819,5967000000,0.4901,-0.0047,0.0015,-2.28E+11,-5185648571,1.3661,542.3713,124912398.3,219.46
2/28/2023,1.4513,0.0136,52482000000,1.1581,0.0819,6437000000,0.4901,-0.0047,-0.0004,-2.28E+11,-5185648571,1.3661,464.1839,118080002.4,244.2081
3/31/2023,1.498,0.0129,54193000000,1.1581,0.0819,6910000000,0.4901,-0.0047,-0.0001,-2.28E+11,-5185648571,1.3661,502.1661,112563199.6,317.5373
4/30/2023,1.4952,0.0146,58517000000,1.1777,0.0706,6834000000,0.4901,-0.0009,0.0023,-2.35E+11,-5185648571,1.3661,523.6937,104542783.7,258.0696
5/31/2023,1.5068,0.0125,55605000000,1.1777,0.0706,6022000000,0.4901,-0.0009,0.0025,-2.35E+11,-5185648571,1.3661,837.5081,100056979.1,213.9352
6/30/2023,1.4884,0.0107,55673000000,1.1777,0.0706,6019000000,0.4901,-0.0009,-0.0002,-2.35E+11,-5185648571,1.3661,388.7133,100331527.4,224.1116
7/31/2023,1.4842,0.0123,57191000000,1.1859,0.0818,6439000000,0.4901,-0.0033,0.0013,-2.21E+11,-5185648571,1.3661,306.7058,97779999.79,194.2569
8/31/2023,1.5419,0.0123,59266000000,1.1859,0.0818,7402000000,0.4901,-0.0033,0.0025,-2.21E+11,-5185648571,1.3661,371.8239,99141668.15,177.3374
9/30/2023,1.5563,0.0123,55349000000,1.1859,0.0818,7066000000,0.4901,-0.0033,0.0059,-2.21E+11,-5185648571,1.3661,445.1923,99011907.65,203.205
10/31/2023,1.575,0.0123,56553000000,1.2016,0.0832,7375000000,0.4901,0.001,-0.0013,-2.44E+11,-5185648571,1.3661,464.4719,103387660.6,192.2561
11/30/2023,1.5375,0.0104,57173000000,1.2016,0.0832,7372000000,0.4901,0.001,-0.0056,-2.44E+11,-5185648571,1.3661,351.4443,104790290.9,210.1173
12/31/2023,1.4933,0.0098,59791000000,1.2016,0.0832,7510000000,0.4901,0.001,-0.0013,-2.44E+11,-5185648571,1.3661,359.2068,106722380.9,225.8046
1/31/2024,1.5046,0.0098,53279000000,1.2083,0.1028,8019000000,0.4901,-0.0004,0.0006,-2.61E+11,-34401700426,1.3695,399.8135,103888691.4,242.8083
2/29/2024,1.5333,0.0098,53883000000,1.2083,0.1028,8067000000,0.4901,-0.0004,0.0007,-2.61E+11,-34401700426,1.3695,454.8421,98305878.1,169.4781
3/31/2024,1.5248,0.0098,52377000000,1.2083,0.1028,8704000000,0.4901,-0.0004,0.005,-2.61E+11,-34401700426,1.3695,284.2068,95294559.89,181.2033
4/30/2024,1.5371,0.0098,51806000000,1.2004,0.1017,9078000000,0.4901,-0.0034,0.0021,-2.86E+11,-34401700426,1.3695,410.7267,96466803.62,173.1992
5/31/2024,1.5093,0.0098,53666000000,1.2004,0.1017,9085000000,0.4901,-0.0034,-0.0002,-2.86E+11,-34401700426,1.3695,334.9068,94878631.46,186.5268
6/30/2024,1.5054,0.0098,56830000000,1.2004,0.1017,9035000000,0.4901,-0.0034,0.0001,-2.86E+11,-34401700426,1.3695,482.4107,95279677.48,174.8142
7/31/2024,1.4985,0.0098,56584000000,1.2073,0.1084,9598000000,0.4901,0.0013,-0.0046,-3.26E+11,-34401700426,1.3695,523.5868,92280397.01,232.1612
8/31/2024,1.5024,0.0078,59668000000,1.2073,0.1084,9482000000,0.4901,0.0013,-0.0026,-3.26E+11,-34401700426,1.3695,376.4981,89962983.58,193.3765
9/30/2024,1.4773,0.0048,57641000000,1.2073,0.1084,9741000000,0.4901,0.0013,0.0018,-3.26E+11,-34401700426,1.3695,362.7217,92382254.55,204.5104
10/31/2024,1.4922,0.0029,59583000000,1.2185,0.1096,10687000000,0.4901,0.0053,0.0009,-3.12E+11,-34401700426,1.3695,495.471,92736675.51,207.5561
11/30/2024,1.5319,0.0013,60283000000,1.2185,0.1096,10445000000,0.4901,0.0053,-0.0015,-3.12E+11,-34401700426,1.3695,1291.2653,94522145.71,284.8022
12/31/2024,1.5804,-0.0002,63658000000,1.2185,0.1096,9567000000,0.4901,0.0053,0.0032,-3.12E+11,-34401700426,1.3695,1082.9919,92836609.53,329.9051
1/31/2025,1.6057,-0.0002,65495000000,1.2087,0.1245,10298000000,0.4901,0,-0.0003,-4.50E+11,-14700000000,1.3695,1139.7242,93726907.14,311.2171
2/28/2025,1.5863,0.0008,67541000000,1.2087,0.1245,9523000000,0.4901,0,-0.0014,-4.50E+11,-14700000000,1.3695,1625.3882,90681674.06,328.2924
3/31/2025,1.5874,0.0023,65443000000,1.2087,0.1245,11784000000,0.4901,0,-0.0014,-4.50E+11,-14700000000,1.3695,2647.5148,90370332.34,472.0098
4/30/2025,1.5905,0.0023,62175000000,1.2087,0.1245,12226000000,0.4901,0,0.0015,-4.50E+11,-14700000000,1.3695,3378.6097,91193060.69,603.5646
