Date,USD/CAD,Policy Rate Spread,USD Reserves,Other Currency FX Reserves,US Debt-GDP,% Gold Reserves,CAD Debt/GDP,Relative Inflation,10YR BND Spread,US CAB,CAD CAB,PPP,Canada Commodities Price Index,US TPCU,WTI Crude $/Barrel,Global EPU
10/31/2000,1.512,0.0051,21246000000,6203000000,0.5426,0.01,0.8044,0.0063,0,-1.04474E+11,18494400000,1.2276,338.52,64.1181,33.1086,68.7803
11/30/2000,1.5429,0.004,21286000000,6284000000,0.5426,0.01,0.8044,0.0063,-0.0049,-1.06279E+11,18494400000,1.2276,350.94,140.6047,34.4918,104.5527
12/31/2000,1.5216,-0.0002,21584000000,6565000000,0.5426,0.01,0.8044,0.0063,-0.0024,-1.06279E+11,18494400000,1.2276,369.09,118.0048,28.3281,100.7622
1/31/2001,1.5028,0.0024,21898000000,7222000000,0.5514,0.009,0.8146,0.008,-0.0032,-1.06279E+11,15757800000,1.2205,356.52,84.5032,29.4822,99.1633
2/28/2001,1.5223,0.0006,21818000000,7326000000,0.5514,0.009,0.8146,0.008,-0.0054,-1.07136E+11,15757800000,1.2205,323.98,88.3354,29.59,99.9126
3/31/2001,1.5587,-0.0045,21858000000,7716000000,0.5514,0.009,0.8146,0.008,-0.0016,-1.07136E+11,15757800000,1.2205,316.14,80.8206,27.2445,112.0927
4/30/2001,1.5578,-0.0054,22341000000,8153000000,0.5403,0.0095,0.8146,0.0054,-0.002,-1.07136E+11,15757800000,1.2205,322.98,76.6767,27.55,106.9986
5/31/2001,1.5412,-0.0078,21951000000,8146000000,0.5403,0.0095,0.8146,0.0054,-0.0057,-95251000000,15757800000,1.2205,324.19,62.8994,28.6052,82.924
6/30/2001,1.5245,-0.0098,21974000000,8105000000,0.5403,0.0095,0.8146,0.0054,-0.0048,-95251000000,15757800000,1.2205,306.09,42.354,27.599,74.0438
7/31/2001,1.53,-0.001,21485000000,8444000000,0.548,0.0098,0.8146,0.002,-0.0083,-95251000000,15757800000,1.2205,282.4,74.6626,26.4182,97.357
8/31/2001,1.5399,-0.0068,21414000000,9110000000,0.548,0.0098,0.8146,0.002,-0.008,-1.03435E+11,15757800000,1.2205,282.95,61.3352,27.3739,82.5553
9/30/2001,1.5668,-0.0126,20548000000,9733000000,0.548,0.0098,0.8146,0.002,-0.0073,-1.03435E+11,15757800000,1.2205,255.54,170.5123,26.222,174.9346
10/31/2001,1.5713,-0.0041,20184000000,10417000000,0.5575,0.0085,0.8146,-0.0024,-0.0058,-1.03435E+11,15757800000,1.2205,242.64,146.3616,22.1696,163.6371
11/30/2001,1.5931,-0.0068,20226000000,10544000000,0.5575,0.0085,0.8146,-0.0024,-0.0009,-88263000000,15757800000,1.2205,233.42,131.786,18.6855,123.6956
12/31/2001,1.5795,-0.0077,19905000000,10463000000,0.5575,0.0085,0.8146,-0.0024,-0.0037,-88263000000,15757800000,1.2205,236.88,115.5606,18.4614,106.1878
1/31/2002,1.6,-0.0051,19620000000,10825000000,0.557,0.0085,0.796,0.0032,-0.0043,-88263000000,12512900000,1.2293,238.73,117.941,19.6517,104.0415
2/28/2002,1.5961,-0.0052,19045000000,10946000000,0.557,0.0085,0.796,0.0032,-0.0004,-1.02608E+11,12512900000,1.2293,246.23,80.8514,20.761,86.2719
3/31/2002,1.5877,-0.005,18878000000,11422000000,0.557,0.0085,0.796,0.0032,-0.0046,-1.02608E+11,12512900000,1.2293,273.81,69.0529,24.611,76.765
4/30/2002,1.5815,-0.01,18583000000,11829000000,0.5627,0.0074,0.796,0.0063,-0.005,-1.02608E+11,12512900000,1.2293,281.4,56.8717,26.1791,81.7761
5/31/2002,1.5495,-0.01,18653000000,12455000000,0.5627,0.0074,0.796,0.0063,-0.0067,-1.14669E+11,12512900000,1.2293,283.77,64.4826,27.0261,80.0332
6/30/2002,1.5318,-0.0102,18862000000,12978000000,0.5627,0.0074,0.796,0.0063,-0.0077,-1.14669E+11,12512900000,1.2293,273.89,74.0157,25.5185,91.9268
7/31/2002,1.5448,-0.0126,19176000000,13634000000,0.567,0.0068,0.796,0.0046,-0.0103,-1.14669E+11,12512900000,1.2293,274.67,124.7703,25.7874,99.7931
8/31/2002,1.5694,-0.0125,18496000000,13632000000,0.567,0.0068,0.796,0.0046,-0.0125,-1.14854E+11,12512900000,1.2293,275.12,72.8574,28.385,104.3172
9/30/2002,1.5753,-0.0125,17742000000,13770000000,0.567,0.0068,0.796,0.0046,-0.0095,-1.14854E+11,12512900000,1.2293,280.8,141.009,29.6305,119.2429
10/31/2002,1.5785,-0.0166,18586000000,13698000000,0.5791,0.0056,0.796,0.0043,-0.0108,-1.14854E+11,12512900000,1.2293,288.12,82.4277,28.8365,115.0374
11/30/2002,1.5713,-0.0176,18869000000,14149000000,0.5791,0.0056,0.796,0.0043,-0.0106,-1.23975E+11,12512900000,1.2293,279.38,124.1223,25.1219,121.2165
12/31/2002,1.5587,-0.0176,18426000000,14083000000,0.5791,0.0056,0.796,0.0043,-0.0092,-1.23975E+11,12512900000,1.2293,300.33,129.7681,29.5823,119.5185
1/31/2003,1.5429,-0.0199,17735000000,14733000000,0.5782,0.0047,0.7591,0.0087,-0.0106,-1.23975E+11,10432900000,1.2257,322.29,199.8806,32.9122,125.68
2/28/2003,1.5125,-0.02,17954000000,15283000000,0.5782,0.0047,0.7591,0.0087,-0.012,-1.35362E+11,10432900000,1.2257,362.81,170.6825,35.8675,134.7557
3/31/2003,1.4761,-0.0199,16348000000,15300000000,0.5782,0.0047,0.7591,0.0087,-0.0104,-1.35362E+11,10432900000,1.2257,334.44,162.4932,33.5133,167.5648
4/30/2003,1.4582,-0.0224,16427000000,14394000000,0.5896,0.0029,0.7591,-0.004,-0.0148,-1.35362E+11,10432900000,1.2257,314.75,123.0893,28.2582,136.0623
5/31/2003,1.3837,-0.0228,16732000000,15564000000,0.5896,0.0029,0.7591,-0.004,-0.0134,-1.29336E+11,10432900000,1.2257,325.75,108.8519,28.1827,106.2791
6/30/2003,1.3525,-0.0249,16477000000,15776000000,0.5896,0.0029,0.7591,-0.004,-0.0031,-1.29336E+11,10432900000,1.2257,339.19,85.1013,30.6624,88.8161
7/31/2003,1.3801,-0.0197,16320000000,15069000000,0.5865,0.0018,0.7591,0.0059,-0.0023,-1.29336E+11,10432900000,1.2257,325.31,82.6416,30.7387,80.5104
8/31/2003,1.3963,-0.0199,15927000000,14999000000,0.5865,0.0018,0.7591,0.0059,-0.0063,-1.30105E+11,10432900000,1.2257,330.88,85.4158,31.5738,69.1984
9/30/2003,1.3644,-0.0199,16046000000,14493000000,0.5865,0.0018,0.7591,0.0059,-0.0047,-1.30105E+11,10432900000,1.2257,320.08,87.4697,28.4682,80.1281
10/31/2003,1.322,-0.02,16224000000,15243000000,0.5944,0.0013,0.7591,0.0022,-0.0052,-1.30105E+11,10432900000,1.2257,321.95,70.9903,30.3383,76.2746
11/30/2003,1.3125,-0.0202,15942000000,14765000000,0.5944,0.0013,0.7591,0.0022,-0.0059,-1.2749E+11,10432900000,1.2257,324.81,67.8077,29.514,73.7164
12/31/2003,1.3127,-0.02,15279000000,15488000000,0.5944,0.0013,0.7591,0.0022,-0.0058,-1.2749E+11,10432900000,1.2257,356.73,64.8135,30.7696,70.1903
1/31/2004,1.2957,-0.0149,15597000000,16287000000,0.5981,0.0013,0.7189,0.0077,-0.0051,-1.2749E+11,23235500000,1.2327,370.24,74.0429,32.7073,72.2428
2/29/2004,1.3291,-0.015,15243000000,16016000000,0.5981,0.0013,0.7189,0.0077,-0.0062,-1.36989E+11,23235500000,1.2327,368.41,82.4483,34.676,72.4565
3/31/2004,1.3286,-0.015,15716000000,15736000000,0.5981,0.0013,0.7189,0.0077,0.0009,-1.36989E+11,23235500000,1.2327,378.15,76.2232,36.7413,77.8692
4/30/2004,1.342,-0.0125,16175000000,15350000000,0.6005,0.0012,0.7189,0.0055,0.0011,-1.36989E+11,23235500000,1.2327,389.41,43.141,36.7677,77.6274
5/31/2004,1.3783,-0.0122,15713000000,14930000000,0.6005,0.0012,0.7189,0.0055,-0.0004,-1.56109E+11,23235500000,1.2327,412.3,54.8919,40.2571,89.2725
6/30/2004,1.3578,-0.0099,15937000000,14581000000,0.6005,0.0012,0.7189,0.0055,-0.0043,-1.56109E+11,23235500000,1.2327,404.66,57.131,38.0445,77.3433
7/31/2004,1.3226,-0.0107,16751000000,14701000000,0.5997,0.0012,0.7189,0.004,-0.0047,-1.56109E+11,23235500000,1.2327,407.98,44.0674,40.6686,74.618
8/31/2004,1.3127,-0.0089,16910000000,14702000000,0.5997,0.0012,0.7189,0.004,-0.005,-1.61502E+11,23235500000,1.2327,413.07,61.9794,44.9032,68.6851
9/30/2004,1.2887,-0.0074,17133000000,14273000000,0.5997,0.0012,0.7189,0.004,-0.005,-1.61502E+11,23235500000,1.2327,404.66,78.9493,45.845,77.9795
10/31/2004,1.2471,-0.0082,17288000000,14472000000,0.6064,0.0014,0.7189,0.0084,-0.0036,-1.61502E+11,23235500000,1.2327,437.52,97.7739,53.2805,88.9444
11/30/2004,1.1961,-0.0059,17143000000,15125000000,0.6064,0.0014,0.7189,0.0084,-0.0025,-1.81291E+11,23235500000,1.2327,422.89,75.7233,46.2964,84.0304
12/31/2004,1.2189,-0.0047,14289000000,15510000000,0.6064,0.0014,0.7189,0.0084,-0.001,-1.81291E+11,23235500000,1.2327,420.88,37.8026,43.117,65.4446
1/31/2005,1.2245,-0.0025,14458000000,15208000000,0.6091,0.0013,0.7064,0.0043,-0.0009,-1.81291E+11,21933100000,1.2136,430.08,50.4197,46.9119,57.867
2/28/2005,1.2395,-0.0012,15442000000,14952000000,0.6091,0.0013,0.7064,0.0043,0.003,-1.70824E+11,21933100000,1.2136,438.92,53.7043,48.164,55.1389
3/31/2005,1.216,0.0004,15413000000,15445000000,0.6091,0.0013,0.7064,0.0043,-0.0002,-1.70824E+11,21933100000,1.2136,477.07,39.8403,53.9917,53.176
4/30/2005,1.2359,0.0025,16089000000,15032000000,0.6064,0.0014,0.7064,0.0044,-0.0005,-1.70824E+11,21933100000,1.2136,475.23,51.577,52.979,70.7402
5/31/2005,1.2557,0.0029,16678000000,14982000000,0.6064,0.0014,0.7064,0.0044,-0.0007,-1.80642E+11,21933100000,1.2136,448.28,56.3077,49.9164,67.5329
6/30/2005,1.2402,0.0051,16685000000,14332000000,0.6064,0.0014,0.7064,0.0044,0.0035,-1.80642E+11,21933100000,1.2136,477.63,45.5913,56.3523,70.8272
7/31/2005,1.2238,0.005,17265000000,13881000000,0.6036,0.0015,0.7064,0.0136,0.0036,-1.80642E+11,21933100000,1.2136,489.39,45.2968,59.001,63.0778
8/31/2005,1.2043,0.0062,16199000000,14261000000,0.6036,0.0015,0.7064,0.0136,0.0028,-1.88193E+11,21933100000,1.2136,534.32,47.8032,64.9852,61.5264
9/30/2005,1.1782,0.0078,16690000000,13688000000,0.6036,0.0015,0.7064,0.0136,0.0059,-1.88193E+11,21933100000,1.2136,588,56.864,65.6468,94.0301
10/31/2005,1.1773,0.005,16752000000,13931000000,0.6132,0.0017,0.7064,0.007,0.0049,-1.88193E+11,21933100000,1.2136,588.52,51.8539,62.26,66.0328
11/30/2005,1.1814,0.0066,16922000000,14057000000,0.6132,0.0017,0.7064,0.007,0.0036,-2.09573E+11,21933100000,1.2136,536.81,42.441,55.6727,66.5717
12/31/2005,1.1617,0.0079,15587000000,13459000000,0.6132,0.0017,0.7064,0.007,0.0038,-2.09573E+11,21933100000,1.2136,582.12,40.2268,59.3514,61.8343
1/31/2006,1.1577,0.0049,16619000000,14623000000,0.6156,0.0018,0.6992,0.0036,0.0054,-2.09573E+11,17990200000,1.2054,548.73,45.1665,65.21,70.8925
2/28/2006,1.1491,0.0059,16770000000,13910000000,0.6156,0.0018,0.6992,0.0036,0.0055,-1.99506E+11,17990200000,1.2054,522.96,46.0114,61.5375,59.3089
3/31/2006,1.1573,0.0079,16640000000,13497000000,0.6156,0.0018,0.6992,0.0036,0.0079,-1.99506E+11,17990200000,1.2054,516.83,43.8439,62.6852,58.4669
4/30/2006,1.1441,0.0044,20140000000,13778000000,0.6122,0.0019,0.6992,0.0067,0.0069,-1.99506E+11,17990200000,1.2054,551.87,46.1017,69.448,71.7486
5/31/2006,1.1099,0.0049,18466000000,15194000000,0.6122,0.0019,0.6992,0.0067,0.0071,-2.04953E+11,17990200000,1.2054,548.17,40.3,70.8661,62.9573
6/30/2006,1.1137,0.0074,17676000000,15369000000,0.6122,0.0019,0.6992,0.0067,0.0065,-2.04953E+11,17990200000,1.2054,538.28,42.66,70.9509,72.4032
7/31/2006,1.1286,0.0075,17688000000,16044000000,0.6133,0.0018,0.6992,0.0071,0.0044,-2.04953E+11,17990200000,1.2054,553.71,32.0432,70.8452,69.4223
8/31/2006,1.1182,0.0075,17895000000,16678000000,0.6133,0.0018,0.6992,0.0071,0.0047,-2.18442E+11,17990200000,1.2054,567.43,28.7103,73.043,59.1038
9/30/2006,1.1156,0.0075,16712000000,16573000000,0.6133,0.0018,0.6992,0.0071,0.0066,-2.18442E+11,17990200000,1.2054,496.8,35.1557,64.0571,58.311
10/31/2006,1.1284,0.0075,16545000000,16863000000,0.6183,0.002,0.6992,-0.0049,0.0049,-2.18442E+11,17990200000,1.2054,499.66,35.5806,58.8932,61.2093
11/30/2006,1.1361,0.0074,16171000000,17408000000,0.6183,0.002,0.6992,-0.0049,0.0056,-1.93746E+11,17990200000,1.2054,531.87,34.9007,56.315,58.7162
12/31/2006,1.1534,0.0075,15965000000,17726000000,0.6183,0.002,0.6992,-0.0049,0.0079,-1.93746E+11,17990200000,1.2054,531.37,32.6687,61.9519,57.9125
1/31/2007,1.1755,0.0076,15662000000,17395000000,0.6225,0.0018,0.6718,0.0083,0.006,-1.93746E+11,11050800000,1.2121,501.9,42.2348,54.7148,64.3655
2/28/2007,1.1706,0.0076,16798000000,17425000000,0.6225,0.0018,0.6718,0.0083,0.0044,-2.00315E+11,11050800000,1.2121,544.88,30.1629,59.284,54.606
3/31/2007,1.1682,0.0075,17094000000,17612000000,0.6225,0.0018,0.6718,0.0083,0.0064,-2.00315E+11,11050800000,1.2121,540.54,33.6252,60.4418,64.9099
4/30/2007,1.135,0.0075,19629000000,18051000000,0.6157,0.0018,0.6718,0.0098,0.0058,-2.00315E+11,11050800000,1.2121,567.45,29.053,63.9905,60.431
5/31/2007,1.0944,0.0075,19913000000,18285000000,0.6157,0.0018,0.6718,0.0098,0.0081,-1.93334E+11,11050800000,1.2121,569.69,36.4455,63.5039,57.1073
6/30/2007,1.0651,0.0076,19033000000,17745000000,0.6157,0.0018,0.6718,0.0098,0.0039,-1.93334E+11,11050800000,1.2121,572.86,29.2413,67.489,56.7187
7/31/2007,1.0506,0.0027,19545000000,18249000000,0.6185,0.002,0.6718,0.0056,0.0008,-1.93334E+11,11050800000,1.2121,566.37,32.0513,73.9945,47.7575
8/31/2007,1.0579,0.0019,19948000000,18614000000,0.6185,0.002,0.6718,0.0056,0.0009,-1.75756E+11,11050800000,1.2121,551.28,35.399,72.3561,78.3534
9/30/2007,1.0267,0.0001,20033000000,18877000000,0.6185,0.002,0.6718,0.0056,0.0017,-1.75756E+11,11050800000,1.2121,567.02,34.2277,79.618,100.0083
10/31/2007,0.9754,-0.0001,19208000000,19244000000,0.6272,0.0022,0.6718,0.0107,-0.0021,-1.75756E+11,11050800000,1.2121,598.38,33.2442,85.7987,79.7292
11/30/2007,0.9659,-0.0026,19096000000,20167000000,0.6272,0.0022,0.6718,0.0107,-0.0002,-1.67144E+11,11050800000,1.2121,627.62,35.4013,94.945,83.4364
12/31/2007,1.0014,-0.0056,19029000000,20173000000,0.6272,0.0022,0.6718,0.0107,-0.0028,-1.67144E+11,11050800000,1.2121,617.23,63.9477,91.7971,96.9292
1/31/2008,1.0098,-0.0077,19438000000,20374000000,0.6417,0.0024,0.7036,0.0085,-0.0011,-1.67144E+11,3177900000,1.2344,648.78,135.9861,92.9948,134.6111
2/29/2008,0.9987,-0.0114,19814000000,20379000000,0.6417,0.0024,0.7036,0.0085,-0.0032,-1.82284E+11,3177900000,1.2344,686.64,86.0445,95.3948,99.2324
3/31/2008,1.0029,-0.0147,19440000000,21794000000,0.6417,0.0024,0.7036,0.0085,0.0017,-1.82284E+11,3177900000,1.2344,728.23,75.8945,105.3167,120.0007
4/30/2008,1.0137,-0.0127,19139000000,22178000000,0.6385,0.0023,0.7036,0.0122,0.0025,-1.82284E+11,3177900000,1.2344,766.67,71.5937,112.5805,92.0662
5/31/2008,0.9988,-0.0125,19682000000,21683000000,0.6385,0.0023,0.7036,0.0122,0.0048,-1.79816E+11,3177900000,1.2344,829.62,67.0097,125.6786,78.4418
6/30/2008,1.0166,-0.0124,19211000000,21308000000,0.6385,0.0023,0.7036,0.0122,0.0025,-1.79816E+11,3177900000,1.2344,881.31,64.5467,133.88,86.2644
7/31/2008,1.0133,-0.0125,20301000000,18684000000,0.6728,0.0022,0.7036,0.0139,0.0014,-1.79816E+11,3177900000,1.2344,860.7,75.7142,133.89,96.5922
8/31/2008,1.0535,-0.0144,21823000000,18427000000,0.6728,0.0022,0.7036,0.0139,0.001,-1.78194E+11,3177900000,1.2344,748.85,72.9406,116.6662,90.2402
9/30/2008,1.0584,-0.0228,22493000000,17894000000,0.6728,0.0022,0.7036,0.0139,0.0027,-1.78194E+11,3177900000,1.2344,687.11,137.8283,104.6341,162.2718
10/31/2008,1.1849,-0.0136,22972000000,17390000000,0.7325,0.0022,0.7036,-0.026,-0.0014,-1.78194E+11,3177900000,1.2344,545.82,196.0645,76.6087,208.1075
11/30/2008,1.2168,-0.0159,20996000000,16474000000,0.7325,0.0022,0.7036,-0.026,-0.0115,-1.56229E+11,3177900000,1.2344,469.49,201.112,57.154,143.7074
12/31/2008,1.2328,-0.016,22509000000,17245000000,0.7325,0.0022,0.7036,-0.026,-0.0043,-1.56229E+11,3177900000,1.2344,391.92,161.3377,40.7661,144.4752
1/31/2009,1.2261,-0.0053,22902000000,18410000000,0.7711,0.0023,0.818,-0.0084,0.0006,-1.56229E+11,-40775300000,1.2022,399.85,200.7303,41.5536,145.795
2/28/2009,1.2451,-0.0057,22884000000,17397000000,0.7711,0.0023,0.818,-0.0084,-0.0014,-99402000000,-40775300000,1.2022,381.79,239.6607,39.0145,147.4625
3/31/2009,1.2645,-0.006,22680000000,17378000000,0.7711,0.0023,0.818,-0.0084,0.0004,-99402000000,-40775300000,1.2022,410.36,192.0968,47.9391,132.3095
4/30/2009,1.2242,-0.0032,23119000000,17898000000,0.8028,0.0023,0.818,0.0023,0.0034,-99402000000,-40775300000,1.2022,413.11,122.307,49.7645,102.4344
5/31/2009,1.1514,-0.0029,23674000000,17476000000,0.8028,0.0023,0.818,0.0023,0.0052,-87089000000,-40775300000,1.2022,456.04,97.9374,59.1295,103.6024
6/30/2009,1.1264,-0.0034,22697000000,17888000000,0.8028,0.0023,0.818,0.0023,0.001,-87089000000,-40775300000,1.2022,491.81,111.8847,69.6409,117.2919
7/31/2009,1.1229,-0.0034,23670000000,18448000000,0.8243,0.0019,0.818,0.0071,0.0016,-87089000000,-40775300000,1.2022,462.75,101.8568,64.2622,106.5768
8/31/2009,1.0872,-0.0035,23088000000,18685000000,0.8243,0.0019,0.818,0.0071,-0.0006,-91384000000,-40775300000,1.2022,484.47,86.3381,71.0448,103.1743
9/30/2009,1.082,-0.0038,22808000000,20122000000,0.8243,0.0019,0.818,0.0071,0.0002,-91384000000,-40775300000,1.2022,466.86,70.1897,69.3418,106.2788
10/31/2009,1.0541,-0.0038,25362000000,19321000000,0.8403,0.0022,0.818,0.0055,-0.0003,-91384000000,-40775300000,1.2022,507.8,64.4839,75.7155,91.9931
11/30/2009,1.0585,-0.0038,24911000000,19295000000,0.8403,0.0022,0.818,0.0055,0.002,-1.01854E+11,-40775300000,1.2022,518.2,86.084,77.9548,105.5555
12/31/2009,1.0535,-0.0039,24251000000,19339000000,0.8403,0.0022,0.818,0.0055,0.0031,-1.01854E+11,-40775300000,1.2022,545.47,103.1181,74.5726,102.744
1/31/2010,1.0432,-0.0037,23684000000,18886000000,0.8651,0.0021,0.8398,0.0001,0.0021,-1.01854E+11,-58162700000,1.2218,568.36,133.3661,78.359,118.0016
2/28/2010,1.057,-0.0034,24282000000,20859000000,0.8651,0.0021,0.8398,0.0001,0.0031,-1.03034E+11,-58162700000,1.2218,555.62,120.6336,76.2735,114.7846
3/31/2010,1.0229,-0.003,24668000000,20509000000,0.8651,0.0021,0.8398,0.0001,0.0036,-1.03034E+11,-58162700000,1.2218,562.19,89.01,81.2035,114.8807
4/30/2010,1.0052,-0.0055,24735000000,20189000000,0.8813,0.0024,0.8398,-0.0011,-0.0025,-1.03034E+11,-58162700000,1.2218,574.73,78.2563,84.3036,109.3035
5/31/2010,1.0407,-0.0057,25426000000,19462000000,0.8813,0.0024,0.8398,-0.0011,-0.0025,-1.11736E+11,-58162700000,1.2218,538.76,116.3739,73.7557,147.5677
6/30/2010,1.0376,-0.0057,26005000000,17056000000,0.8813,0.0024,0.8398,-0.0011,-0.0029,-1.11736E+11,-58162700000,1.2218,542.67,128.797,75.3359,138.5808
7/31/2010,1.0433,-0.0106,26539000000,18127000000,0.8957,0.0024,0.8398,0.0014,-0.0049,-1.11736E+11,-58162700000,1.2218,542.42,176.1823,76.1259,148.8848
8/31/2010,1.0404,-0.0106,27291000000,19040000000,0.8957,0.0024,0.8398,0.0014,-0.003,-1.16619E+11,-58162700000,1.2218,540.14,137.4216,76.5991,123.5816
9/30/2010,1.0333,-0.0106,27633000000,18442000000,0.8957,0.0024,0.8398,0.0014,-0.0034,-1.16619E+11,-58162700000,1.2218,530.76,192.173,75.2091,133.104
10/31/2010,1.0177,-0.0106,27929000000,19360000000,0.9161,0.0027,0.8398,0.0066,-0.0001,-1.16619E+11,-58162700000,1.2218,561.89,206.4416,81.8929,127.1056
11/30/2010,1.0123,-0.0107,27594000000,19248000000,0.9161,0.0027,0.8398,0.0066,0.0027,-1.00621E+11,-58162700000,1.2218,580.4,147.2513,84.2055,130.9836
12/31/2010,1.0078,-0.0108,26750000000,17930000000,0.9161,0.0027,0.8398,0.0066,0.0019,-1.00621E+11,-58162700000,1.2218,612.64,145.4155,89.2196,135.0958
1/31/2011,0.9938,-0.0109,26630000000,17603000000,0.9296,0.0026,0.8429,0.0084,0.0033,-1.00621E+11,-49747000000,1.2399,625.52,140.099,89.2829,114.9262
2/28/2011,0.9874,-0.0111,27922000000,18187000000,0.9296,0.0026,0.8429,0.0084,-0.0001,-1.19236E+11,-49747000000,1.2399,632.97,125.855,88.401,96.7399
3/31/2011,0.9766,-0.0115,28696000000,18486000000,0.9296,0.0026,0.8429,0.0084,0.0019,-1.19236E+11,-49747000000,1.2399,685.37,131.1848,102.8565,130.8881
4/30/2011,0.958,-0.0116,28604000000,19055000000,0.9219,0.0026,0.8429,0.0084,-0.0016,-1.19236E+11,-49747000000,1.2399,721.02,106.4717,109.6367,119.5991
5/31/2011,0.9685,-0.0116,30078000000,19121000000,0.9219,0.0026,0.8429,0.0084,-0.0015,-1.19435E+11,-49747000000,1.2399,684.05,77.5171,100.8859,94.5391
6/30/2011,0.9766,-0.0118,30041000000,19050000000,0.9219,0.0026,0.8429,0.0084,0.0001,-1.19435E+11,-49747000000,1.2399,667.94,102.3373,96.2641,124.7179
7/31/2011,0.9556,-0.0115,30301000000,18819000000,0.9452,0.0028,0.8429,0.005,-0.0064,-1.19435E+11,-49747000000,1.2399,681.24,211.1058,97.1848,153.8542
8/31/2011,0.9817,-0.0117,31333000000,19030000000,0.9452,0.0028,0.8429,0.005,-0.0047,-1.0686E+11,-49747000000,1.2399,642.44,227.5735,86.333,217.1453
9/30/2011,1.0015,-0.0118,31601000000,18837000000,0.9452,0.0028,0.8429,0.005,-0.0005,-1.0686E+11,-49747000000,1.2399,636.96,206.8553,85.5577,194.5425
10/31/2011,1.0204,-0.0117,31543000000,19082000000,0.9609,0.0025,0.8429,0.003,-0.0029,-1.0686E+11,-49747000000,1.2399,622.63,100.7116,86.3224,167.0726
11/30/2011,1.0255,-0.0118,31914000000,21320000000,0.9609,0.0025,0.8429,0.003,-0.0014,-1.09771E+11,-49747000000,1.2399,649.63,131.4133,97.115,191.7782
12/31/2011,1.0234,-0.0117,32960000000,20209000000,0.9609,0.0025,0.8429,0.003,-0.0002,-1.09771E+11,-49747000000,1.2399,648.52,152.0723,98.6155,178.5105
1/31/2012,1.0137,-0.0115,32997000000,19560000000,0.9712,0.0026,0.8715,0.0041,-0.0001,-1.09771E+11,-64582400000,1.2446,640.7,121.4916,100.1359,154.8354
2/29/2012,0.9968,-0.0112,32823000000,20351000000,0.9712,0.0026,0.8715,0.0041,0.0015,-1.13912E+11,-64582400000,1.2446,640.54,84.2983,102.2548,141.6007
3/31/2012,0.9938,-0.0111,35841000000,20587000000,0.9712,0.0026,0.8715,0.0041,-0.0006,-1.13912E+11,-64582400000,1.2446,649.48,71.0413,106.1577,132.9799
4/30/2012,0.9928,-0.0109,35470000000,20264000000,0.9783,0.0026,0.8715,0.0014,-0.0026,-1.13912E+11,-64582400000,1.2446,648.88,72.2523,103.3195,130.4753
5/31/2012,1.0105,-0.0109,35827000000,20233000000,0.9783,0.0026,0.8715,0.0014,-0.003,-1.10004E+11,-64582400000,1.2446,626.61,96.5752,94.48,160.0435
6/30/2012,1.028,-0.0109,34707000000,18380000000,0.9783,0.0026,0.8715,0.0014,-0.0022,-1.10004E+11,-64582400000,1.2446,566.63,117.7463,82.3033,183.5516
7/31/2012,1.0141,-0.0112,34898000000,18211000000,0.9845,0.0028,0.8715,0.0015,0.0002,-1.10004E+11,-64582400000,1.2446,585.59,129.3581,87.8882,152.9182
8/31/2012,0.9924,-0.0111,35261000000,18306000000,0.9845,0.0028,0.8715,0.0015,-0.0011,-98866000000,-64582400000,1.2446,627.78,133.7219,94.1313,117.1101
9/30/2012,0.9787,-0.0109,35499000000,18914000000,0.9845,0.0028,0.8715,0.0015,-0.0009,-98866000000,-64582400000,1.2446,641.98,109.5183,94.6115,154.0253
10/31/2012,0.9867,-0.0109,35830000000,19245000000,1.0008,0.0026,0.8715,0.0059,-0.0016,-98866000000,-64582400000,1.2446,621.39,157.8139,89.4913,151.5319
11/30/2012,0.9972,-0.0109,35965000000,18954000000,1.0008,0.0026,0.8715,0.0059,-0.0002,-95400000000,-64582400000,1.2446,593.37,195.8597,86.5564,166.3322
12/31/2012,0.9899,-0.0111,35666000000,19254000000,1.0008,0.0026,0.8715,0.0059,0.0014,-95400000000,-64582400000,1.2446,595.43,187.6642,87.88,170.7044
1/31/2013,0.9923,-0.011,35599000000,19335000000,1.0074,0.0023,0.8761,0.0033,0.0005,-95400000000,-58110100000,1.224,602.2,168.8413,94.6665,167.7947
2/28/2013,1.0096,-0.0111,35838000000,19438000000,1.0074,0.0023,0.8761,0.0033,-0.0001,-90923000000,-58110100000,1.224,621.94,125.9196,95.341,123.4683
3/31/2013,1.0244,-0.011,36846000000,19002000000,1.0074,0.0023,0.8761,0.0033,-0.0009,-90923000000,-58110100000,1.224,623.4,110.2652,93.1433,145.9011
4/30/2013,1.0187,-0.0114,38451000000,19187000000,1.0006,0.0018,0.8761,-0.0026,0.0018,-90923000000,-58110100000,1.224,626.1,57.292,92.0214,136.6674
5/31/2013,1.0201,-0.0116,39190000000,19251000000,1.0006,0.0018,0.8761,-0.0026,0.004,-89161000000,-58110100000,1.224,620.47,46.9729,94.4804,108.484
6/30/2013,1.0314,-0.0116,37517000000,18032000000,1.0006,0.0018,0.8761,-0.0026,0.0034,-89161000000,-58110100000,1.224,623.95,56.837,95.7725,128.3505
7/31/2013,1.0407,-0.0117,37945000000,17515000000,0.9873,0.0018,0.8761,0.0047,0.003,-89161000000,-58110100000,1.224,642.8,74.6558,104.5513,108.7361
8/31/2013,1.0407,-0.0117,38849000000,18166000000,0.9873,0.0018,0.8761,0.0047,0.002,-85392000000,-58110100000,1.224,640.1,77.0487,106.5727,120.0216
9/30/2013,1.0352,-0.0116,38483000000,17964000000,0.9873,0.0018,0.8761,0.0047,-0.0008,-85392000000,-58110100000,1.224,631.57,85.3103,106.37,139.2669
10/31/2013,1.0364,-0.0117,39272000000,18704000000,0.9979,0.0016,0.8761,0.0015,0.002,-85392000000,-58110100000,1.224,604.27,138.5677,100.5383,169.3655
11/30/2013,1.0492,-0.0116,39085000000,18490000000,0.9979,0.0016,0.8761,0.0015,0.0034,-74041000000,-58110100000,1.224,574.86,62.9187,93.7776,104.4622
12/31/2013,1.0638,-0.0118,39617000000,18884000000,0.9979,0.0016,0.8761,0.0015,0.0019,-74041000000,-58110100000,1.224,607.23,67.3442,97.6818,123.7431
1/31/2014,1.0928,-0.0118,39478000000,18672000000,1.0235,0.0016,0.8554,0.0055,0.0018,-74041000000,-41873900000,1.2304,613,72.7403,94.743,115.7674
2/28/2014,1.1051,-0.0117,40723000000,19125000000,1.0235,0.0016,0.8554,0.0055,0.003,-90914000000,-41873900000,1.2304,638.5,70.1146,100.792,101.7405
3/31/2014,1.1107,-0.0116,44196000000,19502000000,1.0235,0.0016,0.8554,0.0055,0.0026,-90914000000,-41873900000,1.2304,635.52,66.2903,100.8038,115.4524
4/30/2014,1.0992,-0.0116,43450000000,19603000000,1.0065,0.0017,0.8554,0.0046,0.0012,-90914000000,-41873900000,1.2304,646.68,41.8653,102.1718,111.1527
5/31/2014,1.0893,-0.0115,44090000000,20100000000,1.0065,0.0017,0.8554,0.0046,0.0028,-87169000000,-41873900000,1.2304,646.24,37.661,102.3059,107.4312
6/30/2014,1.083,-0.0116,42904000000,18407000000,1.0065,0.0017,0.8554,0.0046,0.0024,-87169000000,-41873900000,1.2304,655.66,35.4147,105.7943,91.7648
7/31/2014,1.0735,-0.0116,42991000000,19369000000,1.0011,0.0016,0.8554,0.0018,0.0023,-87169000000,-41873900000,1.2304,639.51,52.949,103.6396,94.9529
8/31/2014,1.0926,-0.0116,43594000000,19206000000,1.0011,0.0016,0.8554,0.0018,0.0047,-89189000000,-41873900000,1.2304,617.56,38.3461,96.5362,97.4497
9/30/2014,1.1004,-0.0116,43784000000,18314000000,1.0011,0.0016,0.8554,0.0018,0.0012,-89189000000,-41873900000,1.2304,607.07,44.688,93.4232,122.4596
10/31/2014,1.121,-0.0116,41911000000,19265000000,1.0128,0.0015,0.8554,-0.0047,0.0032,-89189000000,-41873900000,1.2304,570.56,44.6068,84.397,112.9774
11/30/2014,1.1322,-0.0113,42611000000,18840000000,1.0128,0.0015,0.8554,-0.0047,0.0021,-1.02784E+11,-41873900000,1.2304,536.44,44.7997,75.685,120.1106
12/31/2014,1.1539,-0.0114,42703000000,18960000000,1.0128,0.0015,0.8554,-0.0047,0.0003,-1.02784E+11,-41873900000,1.2304,455.89,45.4087,59.1343,111.4689
1/31/2015,1.2092,-0.0089,44046000000,18537000000,1.0049,0.0015,0.9203,-0.0087,0.0045,-1.02784E+11,-54695500000,1.248,398.3,59.6213,47.56,129.7
2/28/2015,1.2497,-0.0089,45086000000,18532000000,1.0049,0.0015,0.9203,-0.0087,0.0066,-99395000000,-54695500000,1.248,407.23,54.4611,50.688,115.9189
3/31/2015,1.2618,-0.0088,44922000000,17931000000,1.0049,0.0015,0.9203,-0.0087,0.0052,-99395000000,-54695500000,1.248,393.01,53.6587,47.8236,112.7599
4/30/2015,1.2337,-0.0088,49084000000,17907000000,0.993,0.0015,0.9203,0.0061,0.0079,-99395000000,-54695500000,1.248,417.16,62.9337,54.2109,101.8266
5/31/2015,1.2182,-0.0087,48605000000,18332000000,0.993,0.0015,0.9203,0.0061,0.0062,-99475000000,-54695500000,1.248,443.03,45.5735,59.2467,104.7701
6/30/2015,1.2365,-0.0087,46306000000,17940000000,0.993,0.0015,0.9203,0.0061,0.0054,-99475000000,-54695500000,1.248,443.06,56.8147,59.8195,119.777
7/31/2015,1.285,-0.0061,47606000000,18141000000,0.9864,0.0014,0.9203,0.0016,0.006,-99475000000,-54695500000,1.248,400.66,64.2084,51.163,123.7926
8/31/2015,1.3147,-0.0061,48074000000,18254000000,0.9864,0.0014,0.9203,0.0016,0.0078,-1.09927E+11,-54695500000,1.248,352.57,54.889,42.8676,120.1729
9/30/2015,1.3266,-0.0063,48253000000,18991000000,0.9864,0.0014,0.9203,0.0016,0.0059,-1.09927E+11,-54695500000,1.248,362.28,52.4083,45.5041,153.9584
10/31/2015,1.3066,-0.0063,48404000000,19888000000,1.0264,0.0007,0.9203,-0.0015,0.008,-1.09927E+11,-54695500000,1.248,361.89,55.6052,46.2236,116.205
11/30/2015,1.3278,-0.0051,47791000000,19426000000,1.0264,0.0007,0.9203,-0.0015,0.0061,-99657000000,-54695500000,1.248,342.85,44.0567,42.3852,105.9755
12/31/2015,1.3718,-0.0041,47517000000,20527000000,1.0264,0.0007,0.9203,-0.0015,0.0063,-99657000000,-54695500000,1.248,316.4,45.7348,37.2074,112.9741
1/31/2016,1.4206,-0.0037,48497000000,21124000000,1.0399,0,0.924,-0.0021,0.0052,-99657000000,-47262600000,1.207,292.92,68.7645,31.8362,144.6665
2/29/2016,1.3799,-0.0039,48659000000,23287000000,1.0399,0,0.924,-0.0021,0.0077,-1.04015E+11,-47262600000,1.207,290.87,58.6045,30.2752,147.7116
3/31/2016,1.3226,-0.0038,48423000000,22772000000,1.0399,0,0.924,-0.0021,0.0054,-1.04015E+11,-47262600000,1.207,329.16,52.4835,37.5722,159.913
4/30/2016,1.2818,-0.0038,48562000000,23311000000,1.0358,0,0.924,0.0065,0.0047,-1.04015E+11,-47262600000,1.207,344.24,44.737,40.7552,142.7745
5/31/2016,1.2948,-0.0037,50087000000,23636000000,1.0358,0,0.924,0.0065,0.0029,-1.00481E+11,-47262600000,1.207,369.95,54.5926,46.8327,126.7344
6/30/2016,1.2894,-0.0036,50239000000,22893000000,1.0358,0,0.924,0.0065,0.0033,-1.00481E+11,-47262600000,1.207,380.92,105.3647,48.7573,230.8549
7/31/2016,1.3045,-0.0035,50875000000,22013000000,1.036,0,0.924,0.0021,0.0051,-1.00481E+11,-47262600000,1.207,366.42,81.42,44.8595,204.3142
8/31/2016,1.2998,-0.0035,51096000000,21682000000,1.036,0,0.924,0.0021,0.0059,-99562000000,-47262600000,1.207,361.65,68.5903,44.7243,135.1996
9/30/2016,1.3103,-0.0035,51957000000,21979000000,1.036,0,0.924,0.0021,0.0067,-99562000000,-47262600000,1.207,360.31,44.3757,45.1464,136.2281
10/31/2016,1.3254,-0.0034,52527000000,21318000000,1.0465,0,0.924,0.0042,0.0097,-99562000000,-47262600000,1.207,376.62,57.4684,49.7752,126.5019
11/30/2016,1.3437,-0.0021,53525000000,20802000000,1.0465,0,0.924,0.0042,0.0105,-92158000000,-47262600000,1.207,361.75,157.05,45.7091,229.2629
12/31/2016,1.3348,-0.001,53111000000,20373000000,1.0465,0,0.924,0.0042,0.007,-92158000000,-47262600000,1.207,388.78,132.6052,51.9723,185.5407
1/31/2017,1.3198,-0.0009,52787000000,20317000000,1.0294,0,0.9094,0.0063,0.007,-92158000000,-46236000000,1.2123,398.39,135.3635,52.5541,248.1435
2/28/2017,1.3109,0.0004,53375000000,22110000000,1.0294,0,0.9094,0.0063,0.0078,-85463000000,-46236000000,1.2123,409.89,108.9871,53.4655,186.3381
3/31/2017,1.3387,0.0015,49628000000,22320000000,1.0294,0,0.9094,0.0063,0.0059,-85463000000,-46236000000,1.2123,393.48,111.4806,49.3278,237.6621
4/30/2017,1.3437,0.0016,49637000000,23566000000,1.0209,0,0.9094,0.0004,0.0078,-85463000000,-46236000000,1.2123,410.04,93.2153,51.167,177.4766
5/31/2017,1.3599,0.0029,50515000000,24374000000,1.0209,0,0.9094,0.0004,0.0068,-1.0394E+11,-46236000000,1.2123,401.57,89.8297,48.5243,144.984
6/30/2017,1.3295,0.004,49716000000,24893000000,1.0209,0,0.9094,0.0004,0.0082,-1.0394E+11,-46236000000,1.2123,388.67,71.4217,45.1777,172.7365
7/31/2017,1.2705,0.0016,49460000000,24818000000,1.028,0,0.9094,0.0026,0.003,-1.0394E+11,-46236000000,1.2123,399.53,89.1694,44.381,166.6196
8/31/2017,1.2608,0.0015,49443000000,25184000000,1.028,0,0.9094,0.0026,0.0032,-85766000000,-46236000000,1.2123,404.84,94.5323,48.037,140.9606
9/30/2017,1.2283,-0.001,49704000000,25603000000,1.028,0,0.9094,0.0026,0.0031,-85766000000,-46236000000,1.2123,409.95,97.2477,49.7029,158.7987
10/31/2017,1.2604,-0.0009,48884000000,24659000000,1.0227,0,0.9094,0.0072,0.003,-85766000000,-46236000000,1.2123,418.18,87.6603,51.5777,145.041
11/30/2017,1.2768,0.0005,49130000000,24610000000,1.0227,0,0.9094,0.0072,0.0048,-92446000000,-46236000000,1.2123,436.37,136.8363,56.695,161.1599
12/31/2017,1.2768,0.0016,51571000000,24958000000,1.0227,0,0.9094,0.0072,0.0066,-92446000000,-46236000000,1.2123,420.91,122.3765,57.899,149.3949
1/31/2018,1.2437,-0.0008,51184000000,25274000000,1.0374,0,0.9078,0.007,0.0066,-92446000000,-41150300000,1.2065,446.99,152.8065,63.5804,179.2555
2/28/2018,1.2585,0.0001,50353000000,25467000000,1.0374,0,0.9078,0.007,0.0052,-96829000000,-41150300000,1.2065,436.32,110.075,62.2125,127.3289
3/31/2018,1.2933,0.0019,50772000000,25880000000,1.0374,0,0.9078,0.007,0.0068,-96829000000,-41150300000,1.2065,445.79,134.5781,62.8223,183.2436
4/30/2018,1.2732,0.002,47639000000,25550000000,1.0298,0,0.9078,0.0033,0.0073,-96829000000,-41150300000,1.2065,478.64,140.3627,66.2538,166.4376
5/31/2018,1.2871,0.0032,47202000000,24457000000,1.0298,0,0.9078,0.0033,0.0053,-94724000000,-41150300000,1.2065,495.5,155.0894,69.8887,172.5672
6/30/2018,1.3125,0.0041,46841000000,23998000000,1.0298,0,0.9078,0.0033,0.0068,-94724000000,-41150300000,1.2065,479.4,196.6987,67.8733,165.4875
7/31/2018,1.3134,0.0016,47713000000,24004000000,1.0345,0,0.9078,0.0026,0.007,-94724000000,-41150300000,1.2065,475.02,210.8074,71.1273,230.3336
8/31/2018,1.3042,0.002,48363000000,23047000000,1.0345,0,0.9078,0.0026,0.007,-1.18825E+11,-41150300000,1.2065,448.3,168.8752,68.0557,173.5093
9/30/2018,1.3036,0.0044,47791000000,22656000000,1.0345,0,0.9078,0.0026,0.008,-1.18825E+11,-41150300000,1.2065,446.8,180.3033,70.2125,194.7373
10/31/2018,1.3002,0.002,48089000000,22540000000,1.0505,0,0.9078,0.0026,0.0063,-1.18825E+11,-41150300000,1.2065,419.97,210.6232,70.7487,215.239
11/30/2018,1.3209,0.0027,48961000000,23188000000,1.0505,0,0.9078,0.0026,0.0042,-1.28616E+11,-41150300000,1.2065,372.02,270.593,54.2582,249.5411
12/31/2018,1.3438,0.004,48778000000,23869000000,1.0505,0,0.9078,0.0026,0.0065,-1.28616E+11,-41150300000,1.2065,389.11,493.8158,46.759,221.6223
1/31/2019,1.3312,0.004,49127000000,24161000000,1.0434,0,0.9021,0.0012,0.0073,-1.28616E+11,-34032300000,1.2179,413,471.4684,49.2387,245.2595
2/28/2019,1.3214,0.0041,52322000000,24233000000,1.0434,0,0.9021,0.0012,0.0066,-1.15086E+11,-34032300000,1.2179,429.47,359.5746,54.986,174.3545
3/31/2019,1.3371,0.0042,49180000000,24212000000,1.0434,0,0.9021,0.0012,0.0082,-1.15086E+11,-34032300000,1.2179,444.3,256.0023,58.1514,242.1389
4/30/2019,1.3378,0.0039,48148000000,24389000000,1.0292,0,0.9021,0.0052,0.0068,-1.15086E+11,-34032300000,1.2179,462.78,233.604,63.8695,192.4058
5/31/2019,1.346,0.0038,49637000000,24056000000,1.0292,0,0.9021,0.0052,0.0041,-1.17608E+11,-34032300000,1.2179,438.15,309.4619,60.7213,225.1954
6/30/2019,1.3289,0.004,50502000000,24329000000,1.0292,0,0.9021,0.0052,0.006,-1.17608E+11,-34032300000,1.2179,419.1,516.5507,54.6575,324.0019
7/31/2019,1.3104,0.0013,50329000000,24488000000,1.0461,0,0.9021,0.0019,0.0011,-1.17608E+11,-34032300000,1.2179,430.84,342.7242,54.8513,250.8894
8/31/2019,1.3273,0.0004,50593000000,23945000000,1.0461,0,0.9021,0.0019,0.0049,-1.10052E+11,-34032300000,1.2179,419.6,675.8761,54.8059,292.5559
9/30/2019,1.3243,-0.0017,50352000000,24293000000,1.0461,0,0.9021,0.0019,0.0035,-1.10052E+11,-34032300000,1.2179,428.4,385.6093,56.8576,238.6125
10/31/2019,1.3189,-0.0045,49533000000,24430000000,1.0578,0,0.9021,0.0056,0.0036,-1.10052E+11,-34032300000,1.2179,410,430.7258,53.963,202.8422
11/30/2019,1.3238,-0.0045,48877000000,24155000000,1.0578,0,0.9021,0.0056,0.0036,-99217000000,-34032300000,1.2179,416.19,284.652,57.0986,244.9157
12/31/2019,1.3169,-0.0045,48805000000,24507000000,1.0578,0,0.9021,0.0056,0.0016,-99217000000,-34032300000,1.2179,423.46,330.0723,59.8782,233.1054
1/31/2020,1.3083,-0.0042,48563000000,24894000000,1.0689,0,1.182,0.0022,0.0001,-99217000000,-33287400000,1.2017,413.56,483.5519,57.7213,193.1032
2/29/2020,1.3285,-0.0135,52026000000,22707000000,1.0689,0,1.182,0.0022,-0.0042,-98334000000,-33287400000,1.2017,395.65,422.38,50.617,197.662
3/31/2020,1.396,-0.0095,53240000000,23948000000,1.0689,0,1.182,0.0022,-0.0016,-98334000000,-33287400000,1.2017,299.35,1103.2777,29.2077,319.062
4/30/2020,1.4048,-0.0045,52584000000,22402000000,1.3281,0,1.182,-0.0105,0.0001,-98334000000,-33287400000,1.2017,230.69,1439.885,16.8364,329.9317
5/31/2020,1.3974,-0.0042,53488000000,22635000000,1.3281,0,1.182,-0.0105,0.0018,-1.48055E+11,-33287400000,1.2017,323.48,1286.5723,28.7971,418.6157
6/30/2020,1.3552,-0.0041,51330000000,23467000000,1.3281,0,1.182,-0.0105,0.0006,-1.48055E+11,-33287400000,1.2017,364.5,1279.3203,38.3073,312.1598
7/31/2020,1.3501,-0.004,51626000000,24010000000,1.2426,0,1.182,0.0086,0.0013,-1.48055E+11,-33287400000,1.2017,387.69,1255.5752,40.7043,315.3719
8/31/2020,1.3229,-0.0041,52266000000,25408000000,1.2426,0,1.182,0.0086,0.0012,-1.67051E+11,-33287400000,1.2017,410.51,1059.7116,42.339,292.0046
9/30/2020,1.3224,-0.0041,51258000000,25826000000,1.2426,0,1.182,0.0086,0.0023,-1.67051E+11,-33287400000,1.2017,405.08,936.1657,39.6368,312.3465
10/31/2020,1.3213,-0.0041,51227000000,26208000000,1.2573,0,1.182,0.0065,0.0027,-1.67051E+11,-33287400000,1.2017,400.78,1105.4381,39.3959,308.132
11/30/2020,1.3062,-0.0041,51203000000,27072000000,1.2573,0,1.182,0.0065,0.0024,-1.80058E+11,-33287400000,1.2017,413.52,1042.172,39.209,401.6168
12/31/2020,1.2812,-0.0041,50615000000,27604000000,1.2573,0,1.182,0.0065,0.0035,-1.80058E+11,-33287400000,1.2017,442.84,736.9052,47.0752,305.1915
1/31/2021,1.2725,-0.0042,49384000000,27323000000,1.2417,0,1.1348,0.0071,0.0045,-1.80058E+11,-444200000,1.1635,479.8,771.0042,51.8457,274.4686
2/28/2021,1.2696,-0.0043,48917000000,26475000000,1.2417,0,1.1348,0.0071,0.0051,-1.88912E+11,-444200000,1.1635,533.08,525.41,59.069,196.158
3/31/2021,1.2569,-0.0043,45661000000,25783000000,1.2417,0,1.1348,0.0071,0.0014,-1.88912E+11,-444200000,1.1635,549.36,593.5532,62.333,214.2336
4/30/2021,1.2494,-0.0044,44676000000,25844000000,1.2208,0,1.1348,0.0178,0.001,-1.88912E+11,-444200000,1.1635,569.43,432.868,61.7027,196.7429
5/31/2021,1.2123,-0.0042,45392000000,26041000000,1.2208,0,1.1348,0.0178,0,-2.09216E+11,-444200000,1.1635,606.23,490.2926,65.2238,175.166
6/30/2021,1.222,-0.004,51099000000,25622000000,1.2208,0,1.1348,0.0178,-0.0011,-2.09216E+11,-444200000,1.1635,618.26,506.5327,71.3782,172.5045
7/31/2021,1.2522,-0.0041,50994000000,25210000000,1.1884,0,1.1348,0.0132,0.0003,-2.09216E+11,-444200000,1.1635,619.06,585.1003,72.6164,190.9717
8/31/2021,1.2599,-0.0042,51537000000,25292000000,1.1884,0,1.1348,0.0132,0.0018,-2.32529E+11,-444200000,1.1635,594.94,420.0797,67.7305,203.9027
9/30/2021,1.2664,-0.0042,52723000000,25580000000,1.1884,0,1.1348,0.0132,0.0032,-2.32529E+11,-444200000,1.1635,623.4,537.161,71.5414,214.193
10/31/2021,1.2436,-0.0042,52532000000,24657000000,1.1953,0,1.1348,0.02,-0.0004,-2.32529E+11,-444200000,1.1635,682.24,501.4358,81.4767,189.6288
11/30/2021,1.2566,-0.0042,51739000000,24145000000,1.1953,0,1.1348,0.02,-0.0022,-2.27976E+11,-444200000,1.1635,667.33,601.0813,75.5123,231.7392
12/31/2021,1.28,-0.0042,53484000000,23068000000,1.1953,0,1.1348,0.02,0.0031,-2.27976E+11,-444200000,1.1635,637.24,659.7797,71.8065,262.0784
1/31/2022,1.2619,-0.0042,54434000000,22836000000,1.2056,0,1.0737,0.0199,0.0017,-2.27976E+11,-6317500000,1.1517,715.4,499.0032,83.2505,224.7869
2/28/2022,1.2713,-0.003,52289000000,23494000000,1.2056,0,1.0737,0.0199,0.0025,-2.82559E+11,-6317500000,1.1517,778.53,566.3554,91.622,177.6645
3/31/2022,1.266,-0.0042,51709000000,22715000000,1.2056,0,1.0737,0.0199,0.0062,-2.82559E+11,-6317500000,1.1517,878.25,732.0468,108.5026,300.4957
4/30/2022,1.2628,-0.0048,53859000000,21776000000,1.1846,0,1.0737,0.0218,0.002,-2.82559E+11,-6317500000,1.1517,874.15,480.625,102.0186,271.7617
5/31/2022,1.2854,-0.0004,56727000000,21015000000,1.1846,0,1.0737,0.0218,0.0022,-2.55197E+11,-6317500000,1.1517,903.28,571.4977,109.7982,279.3239
6/30/2022,1.2816,-0.0007,58248000000,21929000000,1.1846,0,1.0737,0.0218,-0.0042,-2.55197E+11,-6317500000,1.1517,882.28,631.9783,114.5973,251.0787
7/31/2022,1.2935,-0.0042,56197000000,22204000000,1.1773,0,1.0737,0.0104,-0.0012,-2.55197E+11,-6317500000,1.1517,794.83,602.2413,102.0324,296.6005
8/31/2022,1.2917,-0.0019,57579000000,22589000000,1.1773,0,1.0737,0.0104,0.0066,-2.25334E+11,-6317500000,1.1517,769.67,538.3229,93.6652,238.2448
9/30/2022,1.3327,-0.0042,58126000000,21427000000,1.1773,0,1.0737,0.0104,0.0083,-2.25334E+11,-6317500000,1.1517,706.47,529.467,84.3959,251.3036
10/31/2022,1.3689,0.0028,56394000000,20229000000,1.1753,0,1.0737,0.0087,0.0051,-2.25334E+11,-6317500000,1.1517,688.48,540.7032,87.5548,267.785
11/30/2022,1.3451,0.001,56969000000,21280000000,1.1753,0,1.0737,0.0087,0.0045,-2.30044E+11,-6317500000,1.1517,673.31,573.1347,84.0777,314.6673
12/31/2022,1.3586,-0.0017,57295000000,23279000000,1.1753,0,1.0737,0.0087,0.0059,-2.30044E+11,-6317500000,1.1517,630.19,446.2461,76.5795,242.7438
1/31/2023,1.3427,0.0007,57404000000,23334000000,1.1581,0,1.0749,0.0076,0.0081,-2.30044E+11,-13764200000,1.1354,618.23,542.3713,78.2964,219.46
2/28/2023,1.3456,-0.001,57073000000,24097000000,1.1581,0,1.0749,0.0076,0.0049,-2.2806E+11,-13764200000,1.1354,610.74,464.1839,76.8065,244.2081
3/31/2023,1.3683,0.0008,57503000000,23410000000,1.1581,0,1.0749,0.0076,0.0047,-2.2806E+11,-13764200000,1.1354,596.94,502.1661,73.2778,317.5373
4/30/2023,1.3484,0.0031,58098000000,24824000000,1.1777,0,1.0749,0.0039,0.0066,-2.2806E+11,-13764200000,1.1354,619.04,523.6937,79.509,258.0696
5/31/2023,1.3522,0.0033,61653000000,24982000000,1.1777,0,1.0749,0.0039,0.007,-2.34899E+11,-13764200000,1.1354,583.29,837.5081,71.6117,213.9352
6/30/2023,1.3282,0.0012,61248000000,24888000000,1.1777,0,1.0749,0.0039,0.0056,-2.34899E+11,-13764200000,1.1354,583.7,388.7133,70.3191,224.1116
7/31/2023,1.3213,0.0008,61306000000,24791000000,1.1859,0,1.0749,0.0065,0.0072,-2.34899E+11,-13764200000,1.1354,610.79,306.7058,75.7667,194.2569
8/31/2023,1.3478,0.0008,61607000000,25404000000,1.1859,0,1.0749,0.0065,0.0073,-2.20792E+11,-13764200000,1.1354,618.07,371.8239,81.3861,177.3374
9/30/2023,1.3533,0.0008,60686000000,25332000000,1.1859,0,1.0749,0.0065,0.0098,-2.20792E+11,-13764200000,1.1354,639.06,445.1923,89.239,203.205
10/31/2023,1.371,0.0008,59484000000,24939000000,1.2016,0,1.0749,0.0055,0.0044,-2.20792E+11,-13764200000,1.1354,617.53,464.4719,85.5118,192.2561
11/30/2023,1.3711,0.0008,61464000000,24946000000,1.2016,0,1.0749,0.0055,0.0031,-2.44252E+11,-13764200000,1.1354,578.94,351.4443,77.5836,210.1173
12/31/2023,1.3409,0.0008,62568000000,25387000000,1.2016,0,1.0749,0.0055,0.0083,-2.44252E+11,-13764200000,1.1354,562.36,359.2068,71.9662,225.8046
1/31/2024,1.3412,0.0008,63295000000,25935000000,1.2083,0,1.061,0.0057,0.0086,-2.44252E+11,-11424600000,1.1423,570.64,399.8135,74.0013,242.8083
2/29/2024,1.3499,0.0008,62122000000,25333000000,1.2083,0,1.061,0.0057,0.0071,-2.60854E+11,-11424600000,1.1423,566.18,454.8421,77.3633,169.4781
3/31/2024,1.3536,0.0008,62684000000,26505000000,1.2083,0,1.061,0.0057,0.011,-2.60854E+11,-11424600000,1.1423,597.29,284.2068,81.4057,181.2033
4/30/2024,1.3674,0.0008,62922000000,26812000000,1.2004,0,1.061,0.0047,0.0078,-2.60854E+11,-11424600000,1.1423,622.37,410.7267,85.3473,173.1992
5/31/2024,1.3667,0.0008,67819000000,26925000000,1.2004,0,1.061,0.0047,0.0067,-2.86311E+11,-11424600000,1.1423,618.69,334.9068,79.9574,186.5268
6/30/2024,1.3706,0.0033,67763000000,27330000000,1.2004,0,1.061,0.0047,0.0086,-2.86311E+11,-11424600000,1.1423,615.98,482.4107,79.9125,174.8142
7/31/2024,1.371,0.0058,67760000000,27624000000,1.2073,0,1.061,0.0021,0.0046,-2.86311E+11,-11424600000,1.1423,607.72,523.5868,81.9478,232.1612
8/31/2024,1.3655,0.0038,68047000000,28137000000,1.2073,0,1.061,0.0021,0.0064,-3.26168E+11,-11424600000,1.1423,585.89,376.4981,76.6832,193.3765
9/30/2024,1.3544,0.0033,68850000000,28804000000,1.2073,0,1.061,0.0021,0.0116,-3.26168E+11,-11424600000,1.1423,568.84,362.7217,70.44,204.5104
10/31/2024,1.3757,0.0064,69178000000,28130000000,1.2185,0,1.061,0.0061,0.0117,-3.26168E+11,-11424600000,1.1423,589.7,495.471,72.1643,207.5561
11/30/2024,1.3973,0.0048,67431000000,27287000000,1.2185,0,1.061,0.0061,0.0111,-3.11967E+11,-11424600000,1.1423,586.51,1291.2653,69.9414,284.8022
12/31/2024,1.4253,0.0083,68204000000,27316000000,1.2185,0,1.061,0.0061,0.0147,-3.11967E+11,-11424600000,1.1423,590.57,1082.9919,70.1523,329.9051
1/31/2025,1.439,0.0083,66748000000,25833000000,1.2087,0,1.061,0.0059,0.0116,-3.11967E+11,-13893000000,1.17,617.64,1139.7242,75.6452,311.2171
2/28/2025,1.4292,0.0108,63300000000,26960000000,1.2087,0,1.061,0.0059,0.0135,-4.5017E+11,-13893000000,1.17,610.99,1625.3882,71.509,328.2924
3/31/2025,1.4356,0.0133,64358000000,27628000000,1.2087,0,1.061,0.0059,0.0124,-4.5017E+11,-13893000000,1.17,611.23,2647.5148,68.239,472.0098
4/30/2025,1.3981,0.0133,69902000000,28678000000,1.2087,0,1.061,0.0059,0.0131,-4.5017E+11,-13893000000,1.17,585.79,3378.6097,63.6064,603.5646
