Date,EUR/USD,EU-US 10Yr Bond Yield Spread,"Consumer Sentiment, Euro Area (Score)",Euro Area Services Trade Balance (USD),Debt to GDP European Union ,US Debt to GDP ,EU-US Relative Inflation,EU-US Current Account Balance Differential (USD),Economic Uncertainty Index (Score),Geopolitical Risk (Score),EU- US Interest Rates Differential,"Reserves, European Union ( Euro)","Gold Reserves, European Union (Euro)",Purchasing Power Parity ,EU Trade Balance (USD),TPU Index (Score),NG1 Natural Gas Futures Price (USD)
1/31/2002,1.1321,-0.0002,-7.0000,15978900000.0000,0.6812,0.5570,0.0119,497139000000.0000,57.0000,172.4800,0.0173,19687000000.0000,8059000000.0000,0.2134,-4585511012.0000,110.1917,2.1500
2/28/2002,1.1484,0.0016,-7.1000,15978900000.0000,0.6812,0.5570,0.0119,497139000000.0000,49.0000,146.1900,0.0148,20088000000.0000,8460000000.0000,0.2134,-4607900464.0000,84.2555,2.3550
3/31/2002,1.1408,0.0004,-7.1000,15978900000.0000,0.6812,0.5570,0.0119,497139000000.0000,56.0000,151.9800,0.0147,18181000000.0000,8518000000.0000,0.2134,-5466469607.0000,55.7938,3.2450
4/30/2002,1.1288,0.0009,-8.8000,15978900000.0000,0.6812,0.5627,0.0119,497139000000.0000,140.0000,157.5000,0.0137,17234000000.0000,8436000000.0000,0.2134,-6673727324.0000,56.0305,3.7650
5/31/2002,1.0904,0.0014,-8.5000,15978900000.0000,0.6812,0.5627,0.0119,497139000000.0000,97.0000,163.3200,0.0137,15999000000.0000,8578000000.0000,0.2134,-6343235874.0000,55.5400,3.2170
6/30/2002,1.0462,0.0023,-9.8000,15978900000.0000,0.6812,0.5627,0.0119,497139000000.0000,77.0000,149.3300,0.0142,13612000000.0000,7872000000.0000,0.2134,-6248110727.0000,69.4325,3.2450
7/31/2002,1.0072,0.0038,-9.6000,15978900000.0000,0.6812,0.5670,0.0119,497139000000.0000,106.0000,122.7800,0.0142,14400000000.0000,7678000000.0000,0.2134,-9503481541.0000,108.0443,2.9540
8/31/2002,1.0225,0.0047,-10.8000,15978900000.0000,0.6812,0.5670,0.0119,497139000000.0000,208.0000,127.0600,0.0146,14614000000.0000,7843000000.0000,0.2134,-6440334912.0000,64.6186,3.2960
9/30/2002,1.0198,0.0065,-10.7000,15978900000.0000,0.6812,0.5670,0.0119,497139000000.0000,167.0000,174.9000,0.0144,15206000000.0000,8094000000.0000,0.2134,-5868269100.0000,143.2062,4.1400
10/31/2002,1.0190,0.0068,-11.6000,15978900000.0000,0.6812,0.5791,0.0119,497139000000.0000,205.0000,172.0300,0.0140,14837000000.0000,7921000000.0000,0.2134,-7464995421.0000,73.8987,4.1560
11/30/2002,0.9987,0.0054,-13.0000,15978900000.0000,0.6812,0.5791,0.0119,497139000000.0000,246.0000,159.1300,0.0151,14335000000.0000,7924000000.0000,0.2134,-7019948457.0000,122.5338,4.2000
12/31/2002,0.9807,0.0038,-14.5000,15978900000.0000,0.6812,0.5791,0.0119,497139000000.0000,0.0000,175.8100,0.0198,13138000000.0000,8058000000.0000,0.2134,-8682451077.0000,112.1377,4.7890
1/31/2003,0.9420,0.0022,-14.9000,25094800000.0000,0.6939,0.5782,0.0011,557656000000.0000,57.0000,206.4300,0.0159,12332000000.0000,8377000000.0000,0.2082,-6344066147.0000,162.0170,5.6050
2/28/2003,0.9272,0.0016,-15.3000,25094800000.0000,0.6939,0.5782,0.0011,557656000000.0000,49.0000,239.6100,0.0145,12102000000.0000,7945000000.0000,0.2082,-5760772486.0000,167.2400,8.1010
3/31/2003,0.9264,0.0032,-16.3000,25094800000.0000,0.6939,0.5782,0.0011,557656000000.0000,56.0000,358.7100,0.0142,10290000000.0000,7578000000.0000,0.2082,-7415555736.0000,151.6462,5.0600
4/30/2003,0.9208,0.0027,-15.2000,25094800000.0000,0.6939,0.5896,0.0011,557656000000.0000,140.0000,255.7800,0.0121,9348000000.0000,7459000000.0000,0.2082,-7232369273.0000,127.9159,5.3850
5/31/2003,0.8649,0.0035,-14.6000,25094800000.0000,0.6939,0.5896,0.0011,557656000000.0000,97.0000,162.1200,0.0120,7793000000.0000,7537000000.0000,0.2082,-7294408493.0000,93.5759,6.2500
6/30/2003,0.8567,0.0039,-13.7000,25094800000.0000,0.6939,0.5896,0.0011,557656000000.0000,77.0000,145.7700,0.0123,8805000000.0000,7466000000.0000,0.2082,-7829010522.0000,64.3224,5.4110
7/31/2003,0.8795,0.0008,-13.2000,25094800000.0000,0.6939,0.5865,0.0011,557656000000.0000,106.0000,134.9000,0.0089,9062000000.0000,7728000000.0000,0.2082,-9512282984.0000,77.7270,4.7180
8/31/2003,0.8967,-0.0025,-13.7000,25094800000.0000,0.6939,0.5865,0.0011,557656000000.0000,208.0000,138.2300,0.0100,10870000000.0000,8475000000.0000,0.2082,-6791445840.0000,74.0848,4.7310
9/30/2003,0.8889,-0.0004,-13.4000,25094800000.0000,0.6939,0.5865,0.0011,557656000000.0000,167.0000,118.2000,0.0099,9102000000.0000,8210000000.0000,0.2082,-7061448474.0000,83.6232,4.8300
10/31/2003,0.8534,0.0002,-13.2000,25094800000.0000,0.6939,0.5944,0.0011,557656000000.0000,205.0000,108.3200,0.0089,9032000000.0000,8194000000.0000,0.2082,-7957500543.0000,66.7139,4.8930
11/30/2003,0.8541,0.0014,-12.2000,25094800000.0000,0.6939,0.5944,0.0011,557656000000.0000,246.0000,118.0900,0.0098,7962000000.0000,8189000000.0000,0.2082,-6955819444.0000,50.8670,4.9250
12/31/2003,0.8128,0.0009,-12.7000,25094800000.0000,0.6939,0.5944,0.0011,557656000000.0000,0.0000,129.4700,0.0097,6650000000.0000,8145000000.0000,0.2082,-9382852972.0000,57.7087,6.1890
1/31/2004,0.7921,0.0011,-12.9000,34263000000.0000,0.6969,0.5981,-0.0015,747917000000.0000,57.0000,113.4700,0.0106,7062000000.0000,7959000000.0000,0.2034,-6053154579.0000,71.3914,5.3970
2/29/2004,0.7909,0.0010,-11.8000,34263000000.0000,0.6969,0.5981,-0.0015,747917000000.0000,49.0000,115.0800,0.0099,6656000000.0000,7859000000.0000,0.2034,-7378003115.0000,75.8290,5.4160
3/31/2004,0.8157,0.0019,-11.8000,34263000000.0000,0.6969,0.5981,-0.0015,747917000000.0000,56.0000,138.5300,0.0096,8300000000.0000,8546000000.0000,0.2034,-8791223210.0000,66.5422,5.9330
4/30/2004,0.8342,-0.0011,-12.6000,34263000000.0000,0.6969,0.6005,-0.0015,747917000000.0000,140.0000,149.6300,0.0097,8061000000.0000,8018000000.0000,0.2034,-8604038779.0000,43.6527,5.8620
5/31/2004,0.8327,-0.0033,-12.8000,34263000000.0000,0.6969,0.6005,-0.0015,747917000000.0000,97.0000,121.0900,0.0097,7397000000.0000,7949000000.0000,0.2034,-7813246590.0000,48.0886,6.4420
6/30/2004,0.8234,-0.0029,-12.6000,34263000000.0000,0.6969,0.6005,-0.0015,747917000000.0000,77.0000,137.2300,0.0098,7681000000.0000,8029000000.0000,0.2034,-9317542541.0000,49.1382,6.1550
7/31/2004,0.8152,-0.0016,-12.5000,34263000000.0000,0.6969,0.5997,-0.0015,747917000000.0000,106.0000,131.0200,0.0060,7861000000.0000,8016000000.0000,0.2034,-9782599550.0000,43.1405,6.1120
8/31/2004,0.8203,-0.0011,-12.2000,34263000000.0000,0.6969,0.5997,-0.0015,747917000000.0000,208.0000,140.3700,0.0072,8099000000.0000,8291000000.0000,0.2034,-8943492479.0000,50.0041,5.0740
9/30/2004,0.8186,-0.0002,-11.7000,34263000000.0000,0.6969,0.5997,-0.0015,747917000000.0000,167.0000,153.8700,0.0047,7345000000.0000,8259000000.0000,0.2034,-7304041520.0000,73.5864,6.7950
10/31/2004,0.8000,-0.0012,-11.5000,34263000000.0000,0.6969,0.6064,-0.0015,747917000000.0000,205.0000,119.8600,0.0014,6793000000.0000,8238000000.0000,0.2034,-8424201415.0000,83.5286,8.7250
11/30/2004,0.7693,-0.0032,-12.1000,34263000000.0000,0.6969,0.6064,-0.0015,747917000000.0000,246.0000,122.7100,0.0017,5748000000.0000,8408000000.0000,0.2034,-9773480297.0000,72.8355,7.6200
12/31/2004,0.7460,-0.0054,-11.6000,34263000000.0000,0.6969,0.6064,-0.0015,747917000000.0000,0.0000,109.9000,-0.0004,4772000000.0000,7928000000.0000,0.2034,-8995561862.0000,32.6743,6.1490
1/31/2005,0.7622,-0.0059,-11.0000,41017400000.0000,0.7030,0.6091,-0.0102,798237000000.0000,57.0000,100.8900,-0.0031,7439000000.0000,7985000000.0000,0.1986,-7343890328.0000,48.7176,6.3210
2/28/2005,0.7684,-0.0055,-10.7000,41017400000.0000,0.7030,0.6091,-0.0102,798237000000.0000,49.0000,108.9800,-0.0040,6967000000.0000,8099000000.0000,0.1986,-8174429503.0000,51.4455,6.7300
3/31/2005,0.7586,-0.0074,-10.8000,41017400000.0000,0.7030,0.6091,-0.0102,798237000000.0000,56.0000,90.4100,-0.0039,7669000000.0000,8130000000.0000,0.1986,-8659459378.0000,27.5348,7.6530
4/30/2005,0.7726,-0.0077,-11.4000,41017400000.0000,0.7030,0.6064,-0.0102,798237000000.0000,140.0000,87.0300,-0.0083,7915000000.0000,7783000000.0000,0.1986,-8627380926.0000,51.2957,6.5850
5/31/2005,0.7881,-0.0073,-13.0000,41017400000.0000,0.7030,0.6064,-0.0102,798237000000.0000,97.0000,98.2100,-0.0098,9415000000.0000,7779000000.0000,0.1986,-9967532346.0000,48.1177,6.3790
6/30/2005,0.8227,-0.0075,-13.2000,41017400000.0000,0.7030,0.6064,-0.0102,798237000000.0000,77.0000,81.1200,-0.0102,10685000000.0000,8366000000.0000,0.1986,-10039884305.0000,36.6395,6.9810
7/31/2005,0.8308,-0.0086,-13.5000,41017400000.0000,0.7030,0.6036,-0.0102,798237000000.0000,106.0000,165.9000,-0.0136,10351000000.0000,8211000000.0000,0.1986,-10424148482.0000,47.2852,7.8850
8/31/2005,0.8134,-0.0094,-12.4000,41017400000.0000,0.7030,0.6036,-0.0102,798237000000.0000,208.0000,116.2300,-0.0130,10201000000.0000,8220000000.0000,0.1986,-10152903366.0000,49.1674,11.4720
9/30/2005,0.8166,-0.0104,-12.8000,41017400000.0000,0.7030,0.6036,-0.0102,798237000000.0000,167.0000,103.8100,-0.0157,11601000000.0000,9096000000.0000,0.1986,-9085680980.0000,57.2609,13.9210
10/31/2005,0.8315,-0.0114,-12.4000,41017400000.0000,0.7030,0.6132,-0.0102,798237000000.0000,205.0000,87.0600,-0.0187,11470000000.0000,9062000000.0000,0.1986,-10533401270.0000,56.1005,12.2050
11/30/2005,0.8485,-0.0101,-12.6000,41017400000.0000,0.7030,0.6132,-0.0102,798237000000.0000,246.0000,83.4800,-0.0199,12660000000.0000,9747000000.0000,0.1986,-10045550118.0000,40.8755,12.6300
12/31/2005,0.8432,-0.0106,-10.7000,41017400000.0000,0.7030,0.6132,-0.0102,798237000000.0000,0.0000,95.3500,-0.0203,13222000000.0000,10065000000.0000,0.1986,-9081613349.0000,39.3573,11.2250
1/31/2006,0.8257,-0.0103,-9.6000,46040700000.0000,0.6825,0.6156,-0.0088,861915000000.0000,57.0000,94.5100,-0.0184,13159000000.0000,10863000000.0000,0.1959,-9278854640.0000,38.9341,9.3160
2/28/2006,0.8377,-0.0102,-9.8000,46040700000.0000,0.6825,0.6156,-0.0088,861915000000.0000,49.0000,95.8600,-0.0222,13827000000.0000,10836000000.0000,0.1959,-7872536232.0000,38.8525,6.7140
3/31/2006,0.8314,-0.0099,-9.7000,46040700000.0000,0.6825,0.6156,-0.0088,861915000000.0000,56.0000,92.8000,-0.0227,13635000000.0000,11129000000.0000,0.1959,-10133491192.0000,44.5778,7.2100
4/30/2006,0.8149,-0.0098,-9.1000,46040700000.0000,0.6825,0.6122,-0.0088,861915000000.0000,140.0000,89.0200,-0.0237,13204000000.0000,11889000000.0000,0.1959,-9115472471.0000,46.6545,6.5550
5/31/2006,0.7833,-0.0105,-9.4000,46040700000.0000,0.6825,0.6122,-0.0088,861915000000.0000,97.0000,85.2100,-0.0234,12463000000.0000,10815000000.0000,0.1959,-10479597176.0000,39.8148,6.3840
6/30/2006,0.7899,-0.0103,-10.1000,46040700000.0000,0.6825,0.6122,-0.0088,861915000000.0000,77.0000,102.5700,-0.0252,12228000000.0000,10285000000.0000,0.1959,-9151566722.0000,45.1832,6.0850
7/31/2006,0.7883,-0.0099,-9.3000,46040700000.0000,0.6825,0.6133,-0.0088,861915000000.0000,106.0000,137.1300,-0.0250,12783000000.0000,10558000000.0000,0.1959,-12191650263.0000,26.4352,8.2110
8/31/2006,0.7806,-0.0091,-9.2000,46040700000.0000,0.6825,0.6133,-0.0088,861915000000.0000,208.0000,147.0800,-0.0252,12203000000.0000,10340000000.0000,0.1959,-10228015553.0000,26.3596,6.0480
9/30/2006,0.7857,-0.0088,-8.7000,46040700000.0000,0.6825,0.6133,-0.0088,861915000000.0000,167.0000,111.7200,-0.0225,12880000000.0000,10088000000.0000,0.1959,-6735133346.0000,35.6038,5.6200
10/31/2006,0.7927,-0.0085,-8.8000,46040700000.0000,0.6825,0.6183,-0.0088,861915000000.0000,205.0000,113.1400,-0.0233,12764000000.0000,10135000000.0000,0.1959,-8651933504.0000,32.5064,7.5340
11/30/2006,0.7759,-0.0080,-8.3000,46040700000.0000,0.6825,0.6183,-0.0088,861915000000.0000,246.0000,88.7800,-0.0198,11864000000.0000,10441000000.0000,0.1959,-9181617080.0000,38.4682,8.8440
12/31/2006,0.7575,-0.0066,-6.9000,46040700000.0000,0.6825,0.6183,-0.0088,861915000000.0000,0.0000,90.6100,-0.0202,12061000000.0000,9930000000.0000,0.1959,-8409173373.0000,26.9743,6.2990
1/31/2007,0.7693,-0.0066,-7.9000,57916100000.0000,0.6590,0.6225,-0.0046,726150000000.0000,57.0000,97.9200,-0.0167,12834000000.0000,10360000000.0000,0.1924,-6428390180.0000,38.4000,7.6670
2/28/2007,0.7644,-0.0060,-6.9000,57916100000.0000,0.6590,0.6225,-0.0046,726150000000.0000,49.0000,96.1700,-0.0179,12750000000.0000,10373000000.0000,0.1924,-6787711068.0000,26.3750,7.3000
3/31/2007,0.7550,-0.0054,-6.5000,57916100000.0000,0.6590,0.6225,-0.0046,726150000000.0000,56.0000,87.3400,-0.0181,12977000000.0000,10252000000.0000,0.1924,-8995412945.0000,32.8068,7.7300
4/30/2007,0.7401,-0.0044,-6.6000,57916100000.0000,0.6590,0.6157,-0.0046,726150000000.0000,140.0000,76.6100,-0.0150,11908000000.0000,10267000000.0000,0.1924,-9091036964.0000,24.2081,7.8630
5/31/2007,0.7399,-0.0038,-5.4000,57916100000.0000,0.6590,0.6157,-0.0046,726150000000.0000,97.0000,92.6000,-0.0151,11836000000.0000,10108000000.0000,0.1924,-8488436984.0000,33.9817,7.9350
6/30/2007,0.7451,-0.0044,-6.0000,57916100000.0000,0.6590,0.6157,-0.0046,726150000000.0000,77.0000,97.9700,-0.0148,11932000000.0000,9365000000.0000,0.1924,-9275564682.0000,27.1457,6.7730
7/31/2007,0.7288,-0.0037,-5.8000,57916100000.0000,0.6590,0.6185,-0.0046,726150000000.0000,106.0000,112.3500,-0.0131,11880000000.0000,9439000000.0000,0.1924,-11398416694.0000,25.5055,6.1910
8/31/2007,0.7339,-0.0024,-7.5000,57916100000.0000,0.6590,0.6185,-0.0046,726150000000.0000,208.0000,83.1700,-0.0130,12227000000.0000,9533000000.0000,0.1924,-9159443193.0000,32.5870,5.4680
9/30/2007,0.7190,-0.0015,-9.0000,57916100000.0000,0.6590,0.6185,-0.0046,726150000000.0000,167.0000,94.4900,-0.0096,12406000000.0000,10188000000.0000,0.1924,-6183439571.0000,37.7580,6.8700
10/31/2007,0.7026,-0.0013,-9.2000,57916100000.0000,0.6590,0.6272,-0.0046,726150000000.0000,205.0000,101.4700,-0.0092,12267000000.0000,10624000000.0000,0.1924,-10978946477.0000,36.7617,8.3300
11/30/2007,0.6812,0.0010,-11.7000,57916100000.0000,0.6590,0.6272,-0.0046,726150000000.0000,246.0000,89.8000,-0.0059,11951000000.0000,10319000000.0000,0.1924,-9308489458.0000,30.5073,7.3020
12/31/2007,0.6873,0.0028,-11.8000,57916100000.0000,0.6590,0.6272,-0.0046,726150000000.0000,0.0000,94.9700,-0.0052,12990000000.0000,10280000000.0000,0.1924,-7356759551.0000,65.3871,7.4830
1/31/2008,0.6795,0.0049,-13.8000,53643400000.0000,0.6957,0.6417,-0.0011,569772000000.0000,57.0000,81.5000,0.0094,14373000000.0000,11251000000.0000,0.1888,-6724415935.0000,134.1904,8.0740
2/29/2008,0.6778,0.0040,-13.8000,53643400000.0000,0.6957,0.6417,-0.0011,569772000000.0000,49.0000,80.7500,0.0088,14275000000.0000,11607000000.0000,0.1888,-6942484598.0000,91.1243,9.3660
3/31/2008,0.6444,0.0056,-14.0000,53643400000.0000,0.6957,0.6417,-0.0011,569772000000.0000,140.0000,77.6400,0.0090,12968000000.0000,10698000000.0000,0.1888,-8064127353.0000,64.1848,10.1010
4/30/2008,0.6348,0.0060,-14.8000,53643400000.0000,0.6957,0.6385,-0.0011,569772000000.0000,97.0000,71.9000,0.0162,12145000000.0000,10156000000.0000,0.1888,-8933944921.0000,70.3818,10.8430
5/31/2008,0.6425,0.0054,-16.2000,53643400000.0000,0.6957,0.6385,-0.0011,569772000000.0000,77.0000,72.5700,0.0184,12074000000.0000,10350000000.0000,0.1888,-8077259208.0000,62.8045,11.7030
6/30/2008,0.6426,0.0071,-19.7000,53643400000.0000,0.6957,0.6385,-0.0011,569772000000.0000,106.0000,87.5500,0.0194,12462000000.0000,10693000000.0000,0.1888,-8352515136.0000,54.0090,13.3530
7/31/2008,0.6347,0.0080,-21.7000,53643400000.0000,0.6957,0.6729,-0.0011,569772000000.0000,88.0000,89.7400,0.0189,12540000000.0000,10089000000.0000,0.1888,-10300111772.0000,74.4643,9.1190
8/31/2008,0.6689,0.0061,-19.7000,53643400000.0000,0.6957,0.6729,-0.0011,569772000000.0000,208.0000,88.5500,0.0221,14187000000.0000,9699000000.0000,0.1888,-5510670006.0000,60.8933,7.9430
9/30/2008,0.6967,0.0081,-18.3000,53643400000.0000,0.6957,0.6729,-0.0011,569772000000.0000,167.0000,88.5400,0.0231,17107000000.0000,10610000000.0000,0.1888,-7497662428.0000,133.0905,7.4380
10/31/2008,0.7542,0.0061,-20.9000,53643400000.0000,0.6957,0.7325,-0.0011,569772000000.0000,205.0000,64.1600,0.0310,21235000000.0000,9828000000.0000,0.1888,-8358649876.0000,200.9735,6.7830
11/30/2008,0.7845,0.0067,-20.5000,53643400000.0000,0.6957,0.7325,-0.0011,569772000000.0000,246.0000,79.0800,0.0352,23310000000.0000,10980000000.0000,0.1888,-5318973455.0000,213.8990,6.5100
12/31/2008,0.7405,0.0147,-21.8000,53643400000.0000,0.6957,0.7325,-0.0011,569772000000.0000,0.0000,92.3700,0.0273,20876000000.0000,10663000000.0000,0.1888,-6542214509.0000,146.7965,5.6220
1/31/2009,0.7537,0.0158,-21.4000,50621400000.0000,0.8002,0.7711,0.0114,446668000000.0000,57.0000,85.3700,0.0236,25804000000.0000,12386000000.0000,0.1820,-4135063084.0000,197.6714,4.4170
2/28/2009,0.7813,0.0133,-22.2000,50621400000.0000,0.8002,0.7711,0.0114,446668000000.0000,49.0000,67.4500,0.0176,26058000000.0000,12998000000.0000,0.1820,-2986156890.0000,193.2470,4.1980
3/31/2009,0.7669,0.0132,-22.4000,50621400000.0000,0.8002,0.7711,0.0114,446668000000.0000,140.0000,72.6400,0.0178,22181000000.0000,11889000000.0000,0.1820,-5081855723.0000,174.2064,3.7760
4/30/2009,0.7577,0.0116,-20.0000,50621400000.0000,0.8002,0.8028,0.0114,446668000000.0000,97.0000,85.6900,0.0134,21929000000.0000,10727000000.0000,0.1820,-5173274141.0000,112.8450,3.3730
5/31/2009,0.7322,0.0084,-18.8000,50621400000.0000,0.8002,0.8028,0.0114,446668000000.0000,77.0000,89.6800,0.0103,20002000000.0000,11156000000.0000,0.1820,-2712664353.0000,87.6924,3.8350
6/30/2009,0.7136,0.0061,-17.5000,50621400000.0000,0.8002,0.8028,0.0114,446668000000.0000,106.0000,81.1100,0.0079,19737000000.0000,10659000000.0000,0.1820,-4911446522.0000,106.0541,3.8350
7/31/2009,0.7097,0.0053,-15.9000,50621400000.0000,0.8002,0.8243,0.0114,446668000000.0000,96.0000,83.4400,0.0080,19765000000.0000,10708000000.0000,0.1820,-7724997195.0000,99.6561,3.6530
8/31/2009,0.7010,0.0030,-14.5000,50621400000.0000,0.8002,0.8243,0.0114,446668000000.0000,208.0000,73.3700,0.0082,19817000000.0000,10794000000.0000,0.1820,-4987585212.0000,68.8600,2.9770
9/30/2009,0.6868,0.0047,-12.6000,50621400000.0000,0.8002,0.8243,0.0114,446668000000.0000,167.0000,92.8400,0.0085,19646000000.0000,10963000000.0000,0.1820,-4977127003.0000,65.6195,4.8410
10/31/2009,0.6750,0.0041,-11.7000,50621400000.0000,0.8002,0.8403,0.0114,446668000000.0000,205.0000,90.5800,0.0089,19434000000.0000,11329000000.0000,0.1820,-4630318477.0000,67.3141,5.0450
11/30/2009,0.6703,0.0044,-11.6000,50621400000.0000,0.8002,0.8403,0.0114,446668000000.0000,246.0000,82.1000,0.0088,20630000000.0000,12618000000.0000,0.1820,-5992478129.0000,91.6281,4.8480
12/31/2009,0.6866,0.0028,-11.3000,50621400000.0000,0.8002,0.8403,0.0114,446668000000.0000,0.0000,92.9500,0.0087,21380000000.0000,12355000000.0000,0.1820,-6161239497.0000,94.5522,5.5720
1/31/2010,0.7007,0.0037,-11.9000,55827200000.0000,0.8543,0.8651,0.0015,519174000000.0000,57.0000,91.5800,0.0095,23058000000.0000,12450000000.0000,0.1766,-3379787999.0000,128.8405,5.1310
2/28/2010,0.7312,0.0042,-13.6000,55827200000.0000,0.8543,0.8651,0.0015,519174000000.0000,49.0000,80.7300,0.0086,25194000000.0000,13167000000.0000,0.1766,-4934067459.0000,107.8330,4.8130
3/31/2010,0.7370,0.0026,-14.1000,55827200000.0000,0.8543,0.8651,0.0015,519174000000.0000,140.0000,74.1200,0.0086,22838000000.0000,13342000000.0000,0.1766,-7710826871.0000,91.5613,3.8690
4/30/2010,0.7454,0.0032,-12.9000,55827200000.0000,0.8543,0.8813,0.0015,519174000000.0000,97.0000,88.7600,0.0083,24275000000.0000,14279000000.0000,0.1766,-5796844351.0000,70.9591,3.9200
5/31/2010,0.7969,0.0026,-16.2000,55827200000.0000,0.8543,0.8813,0.0015,519174000000.0000,77.0000,88.9600,0.0080,29785000000.0000,15818000000.0000,0.1766,-6399868566.0000,104.5033,4.3410
6/30/2010,0.8182,0.0049,-16.9000,55827200000.0000,0.8543,0.8813,0.0015,519174000000.0000,106.0000,96.4500,0.0080,30940000000.0000,16344000000.0000,0.1766,-7013242323.0000,120.9250,4.6160
7/31/2010,0.7814,0.0060,-14.9000,55827200000.0000,0.8543,0.8957,0.0015,519174000000.0000,187.0000,79.3800,0.0083,26826000000.0000,14466000000.0000,0.1766,-9341813377.0000,172.0159,4.9230
8/31/2010,0.7752,0.0074,-12.4000,55827200000.0000,0.8543,0.8957,0.0015,519174000000.0000,208.0000,80.9900,0.0081,29807000000.0000,15842000000.0000,0.1766,-7560568097.0000,122.2727,3.8160
9/30/2010,0.7642,0.0084,-12.0000,55827200000.0000,0.8543,0.8957,0.0015,519174000000.0000,167.0000,71.1700,0.0081,26565000000.0000,15439000000.0000,0.1766,-6131744827.0000,193.2100,3.8720
10/31/2010,0.7193,0.0079,-12.6000,55827200000.0000,0.8543,0.9161,0.0015,519174000000.0000,205.0000,65.9900,0.0080,26407000000.0000,15669000000.0000,0.1766,-6907045238.0000,205.4829,4.0380
11/30/2010,0.7333,0.0096,-11.3000,55827200000.0000,0.8543,0.9161,0.0015,519174000000.0000,246.0000,94.7100,0.0080,30160000000.0000,17160000000.0000,0.1766,-6894951495.0000,149.5750,4.1800
12/31/2010,0.7566,0.0076,-12.5000,55827200000.0000,0.8543,0.9161,0.0015,519174000000.0000,0.0000,97.2000,0.0080,30348000000.0000,17015000000.0000,0.1766,-6231095854.0000,141.1609,4.4050
1/31/2011,0.7483,0.0054,-13.4000,73314900000.0000,0.8725,0.9296,-0.0031,587248000000.0000,57.0000,79.4200,0.0081,28041000000.0000,15644000000.0000,0.1735,-6431940152.0000,117.1624,4.4200
2/28/2011,0.7323,0.0089,-12.6000,73314900000.0000,0.8725,0.9296,-0.0031,587248000000.0000,49.0000,90.0100,0.0082,28420000000.0000,16464000000.0000,0.1735,-7074750944.0000,106.5375,4.0370
3/31/2011,0.7133,0.0108,-13.6000,73314900000.0000,0.8725,0.9296,-0.0031,587248000000.0000,140.0000,136.8900,0.0085,26973000000.0000,16350000000.0000,0.1735,-9678211810.0000,124.2830,4.3890
4/30/2011,0.6917,0.0120,-14.7000,73314900000.0000,0.8725,0.9219,-0.0031,587248000000.0000,97.0000,91.0200,0.0089,25999000000.0000,16680000000.0000,0.1735,-8378212999.0000,101.2424,4.6980
5/31/2011,0.6979,0.0120,-14.7000,73314900000.0000,0.8725,0.9219,-0.0031,587248000000.0000,77.0000,105.3400,0.0116,28078000000.0000,17242000000.0000,0.1735,-8982287323.0000,81.9768,4.6660
6/30/2011,0.6944,0.0137,-14.2000,73314900000.0000,0.8725,0.9219,-0.0031,587248000000.0000,106.0000,84.3900,0.0115,27670000000.0000,16814000000.0000,0.1735,-9851317783.0000,91.4759,4.3740
7/31/2011,0.7001,0.0160,-14.2000,73314900000.0000,0.8725,0.9452,-0.0031,587248000000.0000,187.0000,78.9200,0.0117,30152000000.0000,18434000000.0000,0.1735,-9059764638.0000,178.6867,4.1450
8/31/2011,0.6977,0.0190,-16.7000,73314900000.0000,0.8725,0.9452,-0.0031,587248000000.0000,208.0000,86.9500,0.0133,32368000000.0000,20258000000.0000,0.1735,-9157006892.0000,224.0300,4.0540
9/30/2011,0.7266,0.0205,-17.3000,73314900000.0000,0.8725,0.9452,-0.0031,587248000000.0000,167.0000,83.3500,0.0142,34398000000.0000,19366000000.0000,0.1735,-7511251082.0000,187.0377,3.6660
10/31/2011,0.7290,0.0193,-18.5000,73314900000.0000,0.8725,0.9609,-0.0031,587248000000.0000,205.0000,76.3400,0.0142,33028000000.0000,19853000000.0000,0.1735,-8247755622.0000,92.8290,3.9340
11/30/2011,0.7381,0.0238,-17.5000,73314900000.0000,0.8725,0.9609,-0.0031,587248000000.0000,246.0000,83.1600,0.0142,35579000000.0000,21005000000.0000,0.1735,-9805780982.0000,118.2377,3.5500
12/31/2011,0.7606,0.0211,-18.4000,73314900000.0000,0.8725,0.9609,-0.0031,587248000000.0000,0.0000,85.3400,0.0117,37945000000.0000,19644000000.0000,0.1735,-9914149631.0000,138.3727,2.9890
1/31/2012,0.7752,0.0193,-18.7000,93853900000.0000,0.9076,0.9712,0.0055,686187000000.0000,57.0000,79.6300,0.0096,39307000000.0000,21366000000.0000,0.1668,-8807886660.0000,115.0691,2.5030
2/29/2012,0.7557,0.0177,-17.7000,93853900000.0000,0.9076,0.9712,0.0055,686187000000.0000,49.0000,92.4500,0.0089,38316000000.0000,21254000000.0000,0.1668,-7040958925.0000,76.0552,2.6160
3/31/2012,0.7572,0.0111,-16.9000,93853900000.0000,0.9076,0.9712,0.0055,686187000000.0000,140.0000,88.7600,0.0089,36321000000.0000,20093000000.0000,0.1668,-10024316230.0000,67.7568,2.1260
4/30/2012,0.7599,0.0133,-18.1000,93853900000.0000,0.9076,0.9783,0.0055,686187000000.0000,97.0000,96.0200,0.0085,37453000000.0000,20171000000.0000,0.1668,-9151087767.0000,63.0171,2.2850
5/31/2012,0.7819,0.0173,-18.5000,93853900000.0000,0.9076,0.9783,0.0055,686187000000.0000,77.0000,78.1700,0.0084,40811000000.0000,20277000000.0000,0.1668,-10197591969.0000,98.2996,2.4220
6/30/2012,0.7974,0.0179,-18.4000,93853900000.0000,0.9076,0.9783,0.0055,686187000000.0000,106.0000,77.8200,0.0084,39825000000.0000,20495000000.0000,0.1668,-8394754438.0000,106.8329,2.8240
7/31/2012,0.8136,0.0172,-18.8000,93853900000.0000,0.9076,0.9845,0.0055,686187000000.0000,187.0000,82.8100,0.0082,42692000000.0000,21314000000.0000,0.1668,-12557183442.0000,120.9095,3.2090
8/31/2012,0.8061,0.0133,-19.4000,93853900000.0000,0.9076,0.9845,0.0055,686187000000.0000,208.0000,74.8800,0.0061,41545000000.0000,21101000000.0000,0.1668,-10903037648.0000,116.9687,2.7990
9/30/2012,0.7772,0.0070,-20.9000,93853900000.0000,0.9076,0.9845,0.0055,686187000000.0000,167.0000,69.2800,0.0062,41779000000.0000,22172000000.0000,0.1668,-8559908125.0000,98.1615,3.3200
10/31/2012,0.7706,0.0056,-20.4000,93853900000.0000,0.9076,1.0008,0.0055,686187000000.0000,205.0000,81.6600,0.0060,40538000000.0000,21356000000.0000,0.1668,-10337399970.0000,144.0909,3.6920
11/30/2012,0.7794,0.0060,-20.6000,93853900000.0000,0.9076,1.0008,0.0055,686187000000.0000,246.0000,81.3900,0.0058,40636000000.0000,21455000000.0000,0.1668,-11869930191.0000,193.0091,3.5610
12/31/2012,0.7621,0.0038,-21.4000,93853900000.0000,0.9076,1.0008,0.0055,686187000000.0000,0.0000,74.8300,0.0059,39715000000.0000,20358000000.0000,0.1668,-8527471345.0000,175.9514,3.3510
1/31/2013,0.7520,0.0048,-19.7000,124868000000.0000,0.9275,1.0074,-0.0006,760409000000.0000,57.0000,90.6600,0.0066,37650000000.0000,19832000000.0000,0.1615,-8217853719.0000,176.2513,3.3390
2/28/2013,0.7493,0.0088,-19.2000,124868000000.0000,0.9275,1.0074,-0.0006,760409000000.0000,49.0000,81.5900,0.0061,37735000000.0000,19530000000.0000,0.1615,-9311722922.0000,126.6705,3.4860
3/31/2013,0.7720,0.0107,-19.4000,124868000000.0000,0.9275,1.0074,-0.0006,760409000000.0000,140.0000,75.9000,0.0061,39461000000.0000,20148000000.0000,0.1615,-10034856108.0000,106.1605,4.0240
4/30/2013,0.7678,0.0110,-18.6000,124868000000.0000,0.9275,1.0006,-0.0006,760409000000.0000,97.0000,95.1100,0.0059,36574000000.0000,18140000000.0000,0.1615,-11460595968.0000,49.9136,4.3430
5/31/2013,0.7704,0.0075,-19.4000,124868000000.0000,0.9275,1.0006,-0.0006,760409000000.0000,77.0000,83.7200,0.0061,35738000000.0000,17307000000.0000,0.1615,-10085788909.0000,45.5696,3.9840
6/30/2013,0.7578,0.0077,-18.5000,124868000000.0000,0.9275,1.0006,-0.0006,760409000000.0000,106.0000,82.9700,0.0040,32821000000.0000,14710000000.0000,0.1615,-7643146344.0000,58.9935,3.5650
7/31/2013,0.7644,0.0052,-17.7000,124868000000.0000,0.9275,0.9873,-0.0006,760409000000.0000,167.0000,73.9800,0.0040,33778000000.0000,15984000000.0000,0.1615,-12447789671.0000,64.1909,3.4460
8/31/2013,0.7511,0.0036,-16.2000,124868000000.0000,0.9275,0.9873,-0.0006,760409000000.0000,208.0000,90.9600,0.0042,34723000000.0000,17011000000.0000,0.1615,-8901939472.0000,72.2686,3.5810
9/30/2013,0.7488,0.0060,-14.3000,124868000000.0000,0.9275,0.9873,-0.0006,760409000000.0000,167.0000,100.4600,0.0043,33127000000.0000,15855000000.0000,0.1615,-8582120213.0000,80.9038,3.5600
10/31/2013,0.7331,0.0054,-14.9000,124868000000.0000,0.9275,0.9979,-0.0006,760409000000.0000,205.0000,72.9500,0.0042,32692000000.0000,15667000000.0000,0.1615,-13068347723.0000,135.6078,3.5810
11/30/2013,0.7414,0.0045,-14.2000,124868000000.0000,0.9275,0.9979,-0.0006,760409000000.0000,246.0000,77.7800,0.0042,31564000000.0000,14860000000.0000,0.1615,-9951295115.0000,53.4962,3.9540
12/31/2013,0.7296,0.0041,-13.7000,124868000000.0000,0.9275,0.9979,-0.0006,760409000000.0000,0.0000,70.3700,0.0016,30070000000.0000,14063000000.0000,0.1615,-10329585366.0000,66.0414,4.2300
1/31/2014,0.7341,0.0035,-12.8000,160566000000.0000,0.9293,1.0235,-0.0122,828465000000.0000,57.0000,77.9200,0.0018,32260000000.0000,14974000000.0000,0.1588,-8686388095.0000,71.0404,4.9430
2/28/2014,0.7317,0.0038,-12.4000,160566000000.0000,0.9293,1.0235,-0.0122,828465000000.0000,49.0000,69.0000,0.0018,30717000000.0000,15536000000.0000,0.1588,-8596766583.0000,68.9295,4.6090
3/31/2014,0.7232,0.0017,-11.3000,160566000000.0000,0.9293,1.0235,-0.0122,828465000000.0000,140.0000,119.8400,0.0018,30387000000.0000,15157000000.0000,0.1588,-11968820812.0000,55.8733,4.3710
4/30/2014,0.7241,-0.0010,-11.4000,160566000000.0000,0.9293,1.0065,-0.0122,828465000000.0000,97.0000,93.2200,0.0017,30302000000.0000,15051000000.0000,0.1588,-13443476146.0000,34.6664,4.8150
5/31/2014,0.7282,-0.0001,-11.0000,160566000000.0000,0.9293,1.0065,-0.0122,828465000000.0000,77.0000,83.4300,0.0016,31118000000.0000,14868000000.0000,0.1588,-12773348584.0000,36.7855,4.5420
6/30/2014,0.7356,-0.0032,-11.0000,160566000000.0000,0.9293,1.0065,-0.0122,828465000000.0000,106.0000,98.7700,0.0016,31737000000.0000,15576000000.0000,0.1588,-11623567953.0000,37.0929,4.4610
7/31/2014,0.7388,-0.0038,-11.1000,160566000000.0000,0.9293,1.0011,-0.0122,828465000000.0000,433.0000,138.7500,0.0005,32637000000.0000,15541000000.0000,0.1588,-13861323743.0000,51.6770,3.8410
8/31/2014,0.7511,-0.0043,-12.3000,160566000000.0000,0.9293,1.0011,-0.0122,828465000000.0000,208.0000,136.4500,0.0006,33478000000.0000,15773000000.0000,0.1588,-11904452310.0000,38.4843,4.0650
9/30/2014,0.7752,-0.0068,-12.7000,160566000000.0000,0.9293,1.0011,-0.0122,828465000000.0000,167.0000,131.5600,0.0008,34901000000.0000,15641000000.0000,0.1588,-12127040785.0000,42.7332,4.1210
10/31/2014,0.7889,-0.0061,-12.2000,160566000000.0000,0.9293,1.0128,-0.0122,828465000000.0000,205.0000,83.6600,-0.0004,34647000000.0000,15039000000.0000,0.1588,-12985813073.0000,41.5996,3.8730
11/30/2014,0.8018,-0.0071,-12.3000,160566000000.0000,0.9293,1.0128,-0.0122,828465000000.0000,246.0000,84.3800,-0.0004,34710000000.0000,15328000000.0000,0.1588,-12160374921.0000,45.6215,4.0880
12/31/2014,0.8120,-0.0076,-11.7000,160566000000.0000,0.9293,1.0128,-0.0122,828465000000.0000,0.0000,86.5300,-0.0008,36312000000.0000,15980000000.0000,0.1588,-13426727955.0000,40.9135,2.8890
1/31/2015,0.8601,-0.0061,-10.1000,85291900000.0000,0.9102,1.0049,-0.0001,827620000000.0000,57.0000,111.9900,-0.0001,42412000000.0000,18092000000.0000,0.1574,-10184686245.0000,58.1527,2.6910
2/28/2015,0.8808,-0.0077,-7.7000,85291900000.0000,0.9102,1.0049,-0.0001,827620000000.0000,49.0000,111.9200,-0.0007,40846000000.0000,17528000000.0000,0.1574,-9622500568.0000,59.4260,2.7340
3/31/2015,0.9246,-0.0109,-6.4000,85291900000.0000,0.9102,1.0049,-0.0001,827620000000.0000,140.0000,104.2400,-0.0007,43628000000.0000,17905000000.0000,0.1574,-12754491945.0000,51.5523,2.6400
4/30/2015,0.9242,-0.0109,-6.7000,85291900000.0000,0.9102,0.9930,-0.0001,827620000000.0000,97.0000,102.1900,-0.0007,41071000000.0000,17460000000.0000,0.1574,-12397007414.0000,63.9255,2.7510
5/31/2015,0.8962,-0.0087,-7.7000,85291900000.0000,0.9102,0.9930,-0.0001,827620000000.0000,77.0000,76.2600,-0.0008,42207000000.0000,17569000000.0000,0.1574,-12966684623.0000,47.2014,2.6420
6/30/2015,0.8909,-0.0070,-8.0000,85291900000.0000,0.9102,0.9930,-0.0001,827620000000.0000,106.0000,85.9100,-0.0007,40377000000.0000,16996000000.0000,0.1574,-14383083639.0000,50.3041,2.8320
7/31/2015,0.9090,-0.0079,-9.1000,85291900000.0000,0.9102,0.9864,-0.0001,827620000000.0000,433.0000,106.8100,-0.0008,40474000000.0000,16032000000.0000,0.1574,-15448244071.0000,57.6743,2.7160
8/31/2015,0.8982,-0.0078,-8.2000,85291900000.0000,0.9102,0.9864,-0.0001,827620000000.0000,208.0000,82.4800,-0.0009,39899000000.0000,16359000000.0000,0.1574,-13648713768.0000,52.1957,2.6890
9/30/2015,0.8910,-0.0069,-7.9000,85291900000.0000,0.9102,0.9864,-0.0001,827620000000.0000,167.0000,98.7700,-0.0009,40084000000.0000,16267000000.0000,0.1574,-10737806072.0000,48.8200,2.5240
10/31/2015,0.8903,-0.0087,-7.8000,85291900000.0000,0.9102,1.0264,-0.0001,827620000000.0000,205.0000,91.9300,-0.0008,41509000000.0000,16846000000.0000,0.1574,-14138897812.0000,49.7864,2.3210
11/30/2015,0.9330,-0.0111,-6.9000,85291900000.0000,0.9102,1.0264,-0.0001,827620000000.0000,246.0000,150.7200,-0.0007,42852000000.0000,16247000000.0000,0.1574,-13744394062.0000,38.6071,2.2350
12/31/2015,0.9182,-0.0105,-6.3000,85291900000.0000,0.9102,1.0264,-0.0001,827620000000.0000,0.0000,148.2400,-0.0008,41358000000.0000,15794000000.0000,0.1574,-13910171812.0000,44.3200,2.3370
1/31/2016,0.9208,-0.0098,-6.5000,87879800000.0000,0.8992,1.0399,-0.0111,884337000000.0000,57.0000,118.2100,-0.0015,42308000000.0000,16591000000.0000,0.1556,-9111536216.0000,66.9733,2.2980
2/29/2016,0.9011,-0.0074,-7.4000,87879800000.0000,0.8992,1.0399,-0.0111,884337000000.0000,49.0000,103.7500,-0.0033,43839000000.0000,18294000000.0000,0.1556,-9595953478.0000,51.8781,1.7110
3/31/2016,0.8983,-0.0096,-8.5000,87879800000.0000,0.8992,1.0399,-0.0111,884337000000.0000,140.0000,109.7200,-0.0031,40982000000.0000,17594000000.0000,0.1556,-13423623599.0000,46.9165,1.9590
4/30/2016,0.8814,-0.0085,-8.2000,87879800000.0000,0.8992,1.0358,-0.0111,884337000000.0000,97.0000,85.2200,-0.0037,41871000000.0000,18149000000.0000,0.1556,-12603074511.0000,36.1600,2.1780
5/31/2016,0.8847,-0.0084,-8.6000,87879800000.0000,0.8992,1.0358,-0.0111,884337000000.0000,77.0000,88.3300,-0.0037,42251000000.0000,17641000000.0000,0.1556,-13195487751.0000,52.7764,2.2880
6/30/2016,0.8904,-0.0076,-8.1000,87879800000.0000,0.8992,1.0358,-0.0111,884337000000.0000,106.0000,90.1700,-0.0037,45153000000.0000,19269000000.0000,0.1556,-12915916964.0000,89.8395,2.9240
7/31/2016,0.9042,-0.0088,-8.7000,87879800000.0000,0.8992,1.0360,-0.0111,884337000000.0000,424.0000,114.6100,-0.0041,45330000000.0000,19487000000.0000,0.1556,-12836205807.0000,74.8867,2.8760
8/31/2016,0.8924,-0.0095,-8.5000,87879800000.0000,0.8992,1.0360,-0.0111,884337000000.0000,208.0000,98.7400,-0.0040,44883000000.0000,19151000000.0000,0.1556,-14131537687.0000,67.6983,2.8870
9/30/2016,0.8917,-0.0090,-8.4000,87879800000.0000,0.8992,1.0360,-0.0111,884337000000.0000,167.0000,104.5500,-0.0040,45121000000.0000,19246000000.0000,0.1556,-11128112628.0000,45.3532,2.9060
10/31/2016,0.9074,-0.0099,-7.5000,87879800000.0000,0.8992,1.0465,-0.0111,884337000000.0000,205.0000,85.7500,-0.0040,45280000000.0000,18865000000.0000,0.1556,-12559920745.0000,52.1167,3.0260
11/30/2016,0.9275,-0.0091,-6.7000,87879800000.0000,0.8992,1.0465,-0.0111,884337000000.0000,246.0000,82.9200,-0.0041,45084000000.0000,18086000000.0000,0.1556,-14445359038.0000,152.5736,3.3520
12/31/2016,0.9489,-0.0121,-6.3000,87879800000.0000,0.8992,1.0465,-0.0111,884337000000.0000,0.0000,102.1800,-0.0041,45266000000.0000,17820000000.0000,0.1556,-11665690166.0000,128.4032,3.7240
1/31/2017,0.9408,-0.0112,-6.0000,131114000000.0000,0.8749,1.0294,-0.0054,860855000000.0000,57.0000,105.2000,-0.0055,44841000000.0000,18179000000.0000,0.1544,-10831067684.0000,116.0941,3.1170
2/28/2017,0.9392,-0.0098,-7.3000,131114000000.0000,0.8749,1.0294,-0.0054,860855000000.0000,49.0000,114.2100,-0.0066,45715000000.0000,19203000000.0000,0.1544,-9952830091.0000,103.4110,2.7740
3/31/2017,0.9355,-0.0103,-6.4000,131114000000.0000,0.8749,1.0294,-0.0054,860855000000.0000,140.0000,96.6400,-0.0066,44922000000.0000,18852000000.0000,0.1544,-11386763315.0000,100.3465,3.1900
4/30/2017,0.9335,-0.0104,-5.9000,131114000000.0000,0.8749,1.0209,-0.0054,860855000000.0000,97.0000,119.4600,-0.0091,43887000000.0000,18833000000.0000,0.1544,-12750174154.0000,83.8590,3.2760
5/31/2017,0.9047,-0.0113,-6.0000,131114000000.0000,0.8749,1.0209,-0.0054,860855000000.0000,77.0000,102.5800,-0.0091,42164000000.0000,18316000000.0000,0.1544,-13154161510.0000,91.2509,3.0710
6/30/2017,0.8903,-0.0112,-4.9000,131114000000.0000,0.8749,1.0209,-0.0054,860855000000.0000,106.0000,126.7900,-0.0091,40571000000.0000,17688000000.0000,0.1544,-12913996647.0000,62.4818,3.0350
7/31/2017,0.8680,-0.0111,-4.7000,131114000000.0000,0.8749,1.0281,-0.0054,860855000000.0000,181.0000,102.8100,-0.0116,39283000000.0000,17553000000.0000,0.1544,-13289108045.0000,78.2405,2.7940
8/31/2017,0.8466,-0.0117,-4.5000,131114000000.0000,0.8749,1.0281,-0.0054,860855000000.0000,208.0000,138.5300,-0.0116,39405000000.0000,17920000000.0000,0.1544,-12987367312.0000,80.9017,3.0400
9/30/2017,0.8396,-0.0108,-4.3000,131114000000.0000,0.8749,1.0281,-0.0054,860855000000.0000,167.0000,115.5300,-0.0116,39092000000.0000,17686000000.0000,0.1544,-12615775501.0000,90.3090,3.0070
10/31/2017,0.8508,-0.0121,-3.5000,131114000000.0000,0.8749,1.0227,-0.0054,860855000000.0000,205.0000,91.4600,-0.0116,39857000000.0000,17741000000.0000,0.1544,-13822886274.0000,84.1859,2.8960
11/30/2017,0.8518,-0.0140,-3.1000,131114000000.0000,0.8749,1.0227,-0.0054,860855000000.0000,246.0000,92.6000,-0.0116,38872000000.0000,17537000000.0000,0.1544,-14889509372.0000,129.3500,3.0250
12/31/2017,0.8449,-0.0152,-2.5000,131114000000.0000,0.8749,1.0227,-0.0054,860855000000.0000,0.0000,82.7200,-0.0116,38580000000.0000,17558000000.0000,0.1544,-15964863896.0000,99.1043,2.9530
1/31/2018,0.8208,-0.0155,-2.7000,158164000000.0000,0.8556,1.0374,-0.0058,954181000000.0000,57.0000,92.4300,-0.0133,35919000000.0000,17507000000.0000,0.1522,-13736082729.0000,142.3774,2.9950
2/28/2018,0.8101,-0.0159,-3.4000,158164000000.0000,0.8556,1.0374,-0.0058,954181000000.0000,49.0000,64.4900,-0.0142,36735000000.0000,17526000000.0000,0.1522,-12752381562.0000,104.6040,2.6670
3/31/2018,0.8108,-0.0167,-4.1000,158164000000.0000,0.8556,1.0374,-0.0058,954181000000.0000,140.0000,111.9600,-0.0142,36489000000.0000,17458000000.0000,0.1522,-13444774046.0000,114.9209,2.7330
4/30/2018,0.8151,-0.0174,-4.1000,158164000000.0000,0.8556,1.0298,-0.0058,954181000000.0000,97.0000,123.2600,-0.0168,37407000000.0000,17649000000.0000,0.1522,-15379604451.0000,122.9857,2.7630
5/31/2018,0.8464,-0.0174,-5.3000,158164000000.0000,0.8556,1.0298,-0.0058,954181000000.0000,77.0000,125.6700,-0.0170,39604000000.0000,18099000000.0000,0.1522,-13655201178.0000,146.3078,2.9520
6/30/2018,0.8563,-0.0162,-5.1000,158164000000.0000,0.8556,1.0298,-0.0058,954181000000.0000,106.0000,103.9700,-0.0170,39068000000.0000,17419000000.0000,0.1522,-12597071567.0000,165.9748,2.9240
7/31/2018,0.8559,-0.0169,-5.2000,158164000000.0000,0.8556,1.0345,-0.0058,954181000000.0000,208.0000,110.0300,-0.0191,38152000000.0000,16880000000.0000,0.1522,-17887625967.0000,179.7318,2.7820
8/31/2018,0.8661,-0.0152,-5.4000,158164000000.0000,0.8556,1.0345,-0.0058,954181000000.0000,167.0000,112.7400,-0.0191,38620000000.0000,16775000000.0000,0.1522,-15489618834.0000,136.6948,2.9160
9/30/2018,0.8574,-0.0168,-6.1000,158164000000.0000,0.8556,1.0345,-0.0058,954181000000.0000,205.0000,75.0500,-0.0191,38547000000.0000,16591000000.0000,0.1522,-11120639513.0000,154.6010,3.0080
10/31/2018,0.8705,-0.0160,-5.4000,158164000000.0000,0.8556,1.0505,-0.0058,954181000000.0000,246.0000,92.0200,-0.0218,40643000000.0000,17423000000.0000,0.1522,-16962589864.0000,193.2113,3.2610
11/30/2018,0.8800,-0.0171,-5.9000,158164000000.0000,0.8556,1.0505,-0.0058,954181000000.0000,231.0000,80.4100,-0.0220,40648000000.0000,17438000000.0000,0.1522,-15699982894.0000,208.6982,4.6120
12/31/2018,0.8787,-0.0162,-7.3000,158164000000.0000,0.8556,1.0505,-0.0058,954181000000.0000,0.0000,90.6100,-0.0219,41858000000.0000,18192000000.0000,0.1522,-15442578876.0000,456.3229,2.9400
1/31/2019,0.8757,-0.0151,-6.6000,62197600000.0000,0.8361,1.0434,-0.0037,903199000000.0000,57.0000,87.4200,-0.0240,41257000000.0000,18696000000.0000,0.1553,-13185287622.0000,438.2013,2.8140
2/28/2019,0.8815,-0.0156,-6.5000,62197600000.0000,0.8361,1.0434,-0.0037,903199000000.0000,49.0000,96.8000,-0.0240,41273000000.0000,18843000000.0000,0.1553,-10399214367.0000,357.8685,2.8120
3/31/2019,0.8853,-0.0158,-6.1000,62197600000.0000,0.8361,1.0434,-0.0037,903199000000.0000,140.0000,82.3300,-0.0240,42382000000.0000,18770000000.0000,0.1553,-14412757933.0000,238.0476,2.6620
4/30/2019,0.8902,-0.0158,-6.8000,62197600000.0000,0.8361,1.0292,-0.0037,903199000000.0000,97.0000,79.2500,-0.0241,42343000000.0000,18591000000.0000,0.1553,-17422086595.0000,203.3141,2.5750
5/31/2019,0.8939,-0.0153,-6.3000,62197600000.0000,0.8361,1.0292,-0.0037,903199000000.0000,77.0000,106.4700,-0.0245,43492000000.0000,18898000000.0000,0.1553,-17164864730.0000,291.7222,2.4540
6/30/2019,0.8854,-0.0150,-6.9000,62197600000.0000,0.8361,1.0292,-0.0037,903199000000.0000,106.0000,106.5900,-0.0238,44352000000.0000,20161000000.0000,0.1553,-14438405962.0000,380.1570,2.3080
7/31/2019,0.8917,-0.0170,-6.5000,62197600000.0000,0.8361,1.0462,-0.0037,903199000000.0000,208.0000,93.5200,-0.0239,46210000000.0000,20864000000.0000,0.1553,-19742653245.0000,289.1552,2.2330
8/31/2019,0.8986,-0.0153,-7.2000,62197600000.0000,0.8361,1.0462,-0.0037,903199000000.0000,167.0000,103.4000,-0.0214,48972000000.0000,22444000000.0000,0.1553,-15876744509.0000,565.7177,2.2850
9/30/2019,0.9083,-0.0165,-6.7000,62197600000.0000,0.8361,1.0462,-0.0037,903199000000.0000,205.0000,90.3700,-0.0213,49391000000.0000,22131000000.0000,0.1553,-14551693621.0000,343.4243,2.3300
10/31/2019,0.9044,-0.0158,-7.2000,62197600000.0000,0.8361,1.0578,-0.0037,903199000000.0000,246.0000,97.8400,-0.0188,48013000000.0000,21934000000.0000,0.1553,-16747205139.0000,359.1165,2.6330
11/30/2019,0.9053,-0.0151,-6.5000,62197600000.0000,0.8361,1.0578,-0.0037,903199000000.0000,392.0000,73.0800,-0.0157,48302000000.0000,21480000000.0000,0.1553,-14108441539.0000,229.0419,2.2810
12/31/2019,0.8999,-0.0149,-7.6000,62197600000.0000,0.8361,1.0578,-0.0037,903199000000.0000,0.0000,74.2800,-0.0156,46981000000.0000,21976000000.0000,0.1553,-15481478964.0000,269.6055,2.1890
1/31/2020,0.9007,-0.0144,-7.2000,-755200000.0000,0.9652,1.0689,-0.0055,977344000000.0000,57.0000,138.4200,-0.0155,48054000000.0000,23221000000.0000,0.1523,-13531043655.0000,397.2083,1.8410
2/29/2020,0.9169,-0.0137,-6.1000,-755200000.0000,0.9652,1.0689,-0.0055,977344000000.0000,49.0000,75.9600,-0.0159,48619000000.0000,23974000000.0000,0.1523,-10059788548.0000,339.2410,1.6840
3/31/2020,0.9056,-0.0050,-12.2000,-755200000.0000,0.9652,1.0689,-0.0055,977344000000.0000,140.0000,81.5400,-0.0159,48935000000.0000,23809000000.0000,0.1523,-17585940292.0000,988.2014,1.6400
4/30/2020,0.9199,-0.0011,-24.7000,-755200000.0000,0.9652,1.3282,-0.0055,977344000000.0000,97.0000,69.3400,-0.0006,51403000000.0000,25566000000.0000,0.1523,-15778542493.0000,1188.8541,1.9490
5/31/2020,0.9169,-0.0019,-20.4000,-755200000.0000,0.9652,1.3282,-0.0055,977344000000.0000,77.0000,68.5100,-0.0005,49725000000.0000,25179000000.0000,0.1523,-11661514595.0000,1039.4029,1.8490
6/30/2020,0.8882,-0.0038,-14.5000,-755200000.0000,0.9652,1.3282,-0.0055,977344000000.0000,106.0000,71.2300,-0.0005,50100000000.0000,25626000000.0000,0.1523,-13859957573.0000,1122.2891,1.7510
7/31/2020,0.8715,-0.0040,-14.6000,-755200000.0000,0.9652,1.2426,-0.0055,977344000000.0000,208.0000,66.4700,-0.0008,48897000000.0000,27082000000.0000,0.1523,-15407851520.0000,1086.3061,1.7990
8/31/2020,0.8452,-0.0049,-14.2000,-755200000.0000,0.9652,1.2426,-0.0055,977344000000.0000,167.0000,65.4700,-0.0010,48044000000.0000,26717000000.0000,0.1523,-15683868058.0000,939.4538,2.6300
9/30/2020,0.8485,-0.0056,-12.8000,-755200000.0000,0.9652,1.2426,-0.0055,977344000000.0000,205.0000,80.3800,-0.0009,48745000000.0000,26118000000.0000,0.1523,-15795929434.0000,922.1573,2.5270
10/31/2020,0.8496,-0.0079,-14.5000,-755200000.0000,0.9652,1.2573,-0.0055,977344000000.0000,246.0000,76.0800,-0.0009,49034000000.0000,26186000000.0000,0.1523,-16130288005.0000,932.4373,3.3540
11/30/2020,0.8451,-0.0093,-16.6000,-755200000.0000,0.9652,1.2573,-0.0055,977344000000.0000,392.0000,70.0700,-0.0009,45667000000.0000,23980000000.0000,0.1523,-17091771119.0000,964.6457,2.8820
12/31/2020,0.8217,-0.0102,-12.1000,-755200000.0000,0.9652,1.2573,-0.0055,977344000000.0000,0.0000,64.0700,-0.0009,45121000000.0000,25056000000.0000,0.1523,-19992559008.0000,652.8930,2.5390
1/31/2021,0.8214,-0.0114,-13.8000,130985000000.0000,0.9387,1.2417,-0.0181,1442870000000.0000,57.0000,77.4200,-0.0009,44205000000.0000,24994000000.0000,0.1502,-16183850493.0000,729.8171,2.5640
2/28/2021,0.8268,-0.0120,-13.0000,130985000000.0000,0.9387,1.2417,-0.0181,1442870000000.0000,49.0000,73.9600,-0.0008,42190000000.0000,23616000000.0000,0.1502,-15652225612.0000,475.6785,2.7710
3/31/2021,0.8403,-0.0146,-9.8000,130985000000.0000,0.9387,1.2417,-0.0181,1442870000000.0000,140.0000,78.6200,-0.0007,43393000000.0000,23317000000.0000,0.1502,-18152216890.0000,502.3726,2.6080
4/30/2021,0.8358,-0.0144,-9.9000,130985000000.0000,0.9387,1.2208,-0.0181,1442870000000.0000,97.0000,88.1700,-0.0007,42464000000.0000,23750000000.0000,0.1502,-17895159525.0000,363.0150,2.9310
5/31/2021,0.8232,-0.0124,-5.5000,130985000000.0000,0.9387,1.2208,-0.0181,1442870000000.0000,77.0000,93.0100,-0.0006,43576000000.0000,25347000000.0000,0.1502,-17342732410.0000,455.4195,2.9860
6/30/2021,0.8301,-0.0122,-2.1000,130985000000.0000,0.9387,1.2208,-0.0181,1442870000000.0000,106.0000,74.1300,-0.0006,43713000000.0000,24042000000.0000,0.1502,-19838995357.0000,483.0255,3.6500
7/31/2021,0.8458,-0.0116,-3.9000,130985000000.0000,0.9387,1.1884,-0.0181,1442870000000.0000,208.0000,58.4200,-0.0010,44838000000.0000,24945000000.0000,0.1502,-20688185405.0000,511.3909,3.9140
8/31/2021,0.8499,-0.0122,-5.3000,130985000000.0000,0.9387,1.1884,-0.0181,1442870000000.0000,167.0000,89.4900,-0.0010,44975000000.0000,24870000000.0000,0.1502,-19553628027.0000,410.9600,4.3770
9/30/2021,0.8496,-0.0117,-3.6000,130985000000.0000,0.9387,1.1884,-0.0181,1442870000000.0000,205.0000,80.7000,-0.0008,45296000000.0000,24185000000.0000,0.1502,-18019531255.0000,493.0459,5.8670
10/31/2021,0.8622,-0.0123,-5.2000,130985000000.0000,0.9387,1.1954,-0.0181,1442870000000.0000,246.0000,79.0300,-0.0008,45530000000.0000,24899000000.0000,0.1502,-16474593253.0000,446.0995,5.4260
11/30/2021,0.8765,-0.0125,-8.1000,130985000000.0000,0.9387,1.1954,-0.0181,1442870000000.0000,392.0000,86.5700,-0.0008,47782000000.0000,25615000000.0000,0.1502,-20567111919.0000,560.0636,4.5670
12/31/2021,0.8848,-0.0119,-9.2000,130985000000.0000,0.9387,1.1954,-0.0181,1442870000000.0000,0.0000,105.3500,-0.0008,48932000000.0000,26120000000.0000,0.1502,-17692980048.0000,591.6374,3.7300
1/31/2022,0.8833,-0.0123,-9.5000,172459000000.0000,0.8955,1.2057,0.0132,1160400000000.0000,57.0000,138.6700,-0.0008,49331000000.0000,26051000000.0000,0.1504,-14338841958.0000,365.6538,4.8740
2/28/2022,0.8813,-0.0099,-9.4000,172459000000.0000,0.8955,1.2057,0.0132,1160400000000.0000,49.0000,216.1600,-0.0008,50628000000.0000,27693000000.0000,0.1504,-12250921753.0000,495.6700,4.4020
3/31/2022,0.9076,-0.0108,-21.9000,172459000000.0000,0.8955,1.2057,0.0132,1160400000000.0000,140.0000,318.9500,-0.0008,50993000000.0000,28223000000.0000,0.1504,-16463211356.0000,576.1652,5.6420
4/30/2022,0.9258,-0.0118,-22.3000,172459000000.0000,0.8955,1.1846,0.0132,1160400000000.0000,97.0000,191.1400,-0.0033,54264000000.0000,29508000000.0000,0.1504,-16223769341.0000,401.7348,7.2440
5/31/2022,0.9458,-0.0103,-21.5000,172459000000.0000,0.8955,1.1846,0.0132,1160400000000.0000,77.0000,142.2600,-0.0033,52020000000.0000,28056000000.0000,0.1504,-18415139993.0000,534.3950,8.1450
6/30/2022,0.9468,-0.0070,-24.0000,172459000000.0000,0.8955,1.1846,0.0132,1160400000000.0000,106.0000,130.7100,-0.0083,53444000000.0000,28220000000.0000,0.1504,-18454157778.0000,540.8005,5.4240
7/31/2022,0.9824,-0.0081,-27.4000,172459000000.0000,0.8955,1.1773,0.0132,1160400000000.0000,208.0000,117.1800,-0.0158,54949000000.0000,27976000000.0000,0.1504,-14389970789.0000,510.4181,8.2290
8/31/2022,0.9874,-0.0084,-25.1000,172459000000.0000,0.8955,1.1773,0.0132,1160400000000.0000,167.0000,132.8600,-0.0183,55077000000.0000,27802000000.0000,0.1504,-15373096600.0000,433.5761,9.1270
9/30/2022,1.0098,-0.0071,-28.7000,172459000000.0000,0.8955,1.1773,0.0132,1160400000000.0000,205.0000,131.9900,-0.0183,55591000000.0000,27686000000.0000,0.1504,-14786035884.0000,469.5427,6.7660
10/31/2022,1.0153,-0.0080,-27.6000,172459000000.0000,0.8955,1.1753,0.0132,1160400000000.0000,246.0000,143.1600,-0.0183,53269000000.0000,26795000000.0000,0.1504,-22765594373.0000,496.6938,6.3550
11/30/2022,0.9809,-0.0095,-23.8000,172459000000.0000,0.8955,1.1753,0.0132,1160400000000.0000,392.0000,116.7200,-0.0183,51849000000.0000,27540000000.0000,0.1504,-19476163086.0000,489.3523,6.9300
12/31/2022,0.9441,-0.0062,-22.1000,172459000000.0000,0.8955,1.1753,0.0132,1160400000000.0000,0.0000,111.2000,-0.0183,51933000000.0000,27688000000.0000,0.1504,-19119409407.0000,396.0418,4.4750
1/31/2023,0.9282,-0.0049,-20.7000,133771000000.0000,0.8733,1.1581,0.0217,1398530000000.0000,57.0000,104.2700,-0.0183,52248000000.0000,28693000000.0000,0.1462,-17135858187.0000,399.9573,2.6840
2/28/2023,0.9346,-0.0053,-19.0000,133771000000.0000,0.8733,1.1581,0.0217,1398530000000.0000,49.0000,120.9900,-0.0183,51183000000.0000,27743000000.0000,0.1462,-14510589498.0000,450.3515,2.7470
3/31/2023,0.9337,-0.0043,-19.1000,133771000000.0000,0.8733,1.1581,0.0217,1398530000000.0000,140.0000,105.3800,-0.0158,51975000000.0000,29653000000.0000,0.1462,-16442412275.0000,451.8983,2.2160
4/30/2023,0.9123,-0.0027,-17.3000,133771000000.0000,0.8733,1.1777,0.0217,1398530000000.0000,97.0000,106.8100,-0.0133,50405000000.0000,29396000000.0000,0.1462,-16366614109.0000,480.1925,2.4100
5/31/2023,0.9209,-0.0036,-17.3000,133771000000.0000,0.8733,1.1777,0.0217,1398530000000.0000,77.0000,108.4700,-0.0133,51446000000.0000,29901000000.0000,0.1462,-17855352363.0000,702.9778,2.2660
6/30/2023,0.9222,-0.0059,-16.0000,133771000000.0000,0.8733,1.1777,0.0217,1398530000000.0000,106.0000,110.5300,-0.0133,48120000000.0000,28553000000.0000,0.1462,-18735871829.0000,359.9968,2.7980
7/31/2023,0.9043,-0.0063,-15.2000,133771000000.0000,0.8733,1.1859,0.0217,1398530000000.0000,208.0000,107.4500,-0.0108,47035000000.0000,28925000000.0000,0.1462,-19579382128.0000,243.4614,2.6340
8/31/2023,0.9166,-0.0083,-16.0000,133771000000.0000,0.8733,1.1859,0.0217,1398530000000.0000,167.0000,101.1400,-0.0133,47029000000.0000,29145000000.0000,0.1462,-18896361025.0000,303.8226,2.7680
9/30/2023,0.9366,-0.0088,-17.8000,133771000000.0000,0.8733,1.1859,0.0217,1398530000000.0000,205.0000,98.6300,-0.0108,46943000000.0000,28740000000.0000,0.1462,-13628797042.0000,331.1876,2.9290
10/31/2023,0.9465,-0.0108,-18.0000,133771000000.0000,0.8733,1.2016,0.0217,1398530000000.0000,246.0000,197.8900,-0.0083,47707000000.0000,30613000000.0000,0.1462,-20844751723.0000,369.8750,3.5750
11/30/2023,0.9246,-0.0108,-16.9000,133771000000.0000,0.8733,1.2016,0.0217,1398530000000.0000,392.0000,156.7000,-0.0083,45631000000.0000,30396000000.0000,0.1462,-16726509152.0000,282.1350,2.8020
12/31/2023,0.9163,-0.0116,-15.0000,133771000000.0000,0.8733,1.2016,0.0217,1398530000000.0000,0.0000,142.2800,-0.0083,44780000000.0000,30418000000.0000,0.1462,-16930963290.0000,333.9805,2.5140
1/31/2024,0.9167,-0.0116,-15.9000,,0.8745,1.2083,-0.0039,1802330000000.0000,57.0000,160.1600,-0.0083,44788000000.0000,30615000000.0000,0.1433,-16830071622.0000,331.3730,2.1000
2/29/2024,0.9266,-0.0118,-15.4000,,0.8745,1.2083,-0.0039,1802330000000.0000,49.0000,146.6000,-0.0083,43558000000.0000,30548000000.0000,0.1433,-13844565888.0000,359.7695,1.8600
3/31/2024,0.9200,-0.0126,-14.7000,,0.8745,1.2083,-0.0039,1802330000000.0000,140.0000,133.2100,-0.0083,45755000000.0000,33327000000.0000,0.1433,-18000721833.0000,233.6990,1.7630
4/30/2024,0.9325,-0.0147,-14.5000,,0.8745,1.2004,-0.0039,1802330000000.0000,97.0000,163.7400,-0.0083,46632000000.0000,35124000000.0000,0.1433,-24007704254.0000,318.1173,1.9910
5/31/2024,0.9249,-0.0136,-14.2000,,0.8745,1.2004,-0.0039,1802330000000.0000,77.0000,130.5200,-0.0083,45229000000.0000,35171000000.0000,0.1433,-19799641970.0000,272.1513,2.5870
6/30/2024,0.9292,-0.0115,-13.8000,,0.8745,1.2004,-0.0039,1802330000000.0000,106.0000,112.8800,-0.0083,45776000000.0000,35499000000.0000,0.1433,-17672535759.0000,364.1155,2.6010
7/31/2024,0.9221,-0.0114,-12.9000,,0.8745,1.2073,-0.0039,1802330000000.0000,208.0000,92.3900,-0.0108,46040000000.0000,36360000000.0000,0.1433,-22489861382.0000,504.1813,2.0360
8/31/2024,0.9075,-0.0096,-13.3000,,0.8745,1.2073,-0.0039,1802330000000.0000,167.0000,140.7600,-0.0108,45103000000.0000,37026000000.0000,0.1433,-19311295814.0000,325.6600,2.1270
9/30/2024,0.9007,-0.0089,-12.9000,,0.8745,1.2073,-0.0039,1802330000000.0000,205.0000,130.1400,-0.0108,45848000000.0000,38427000000.0000,0.1433,-21624582833.0000,316.5576,2.9230
10/31/2024,0.9178,-0.0123,-12.3000,,0.8745,1.2185,-0.0039,1802330000000.0000,246.0000,130.7000,-0.0118,49097000000.0000,41435000000.0000,0.1433,-20072510329.0000,416.0909,2.7070
11/30/2024,0.9415,-0.0143,-13.6000,,0.8745,1.2185,-0.0039,1802330000000.0000,480.0000,128.4800,-0.0143,50370000000.0000,41027000000.0000,0.1433,-20297690037.0000,1201.2938,3.3630
12/31/2024,0.9553,-0.0158,-14.3000,,0.8745,1.2185,-0.0039,1802330000000.0000,0.0000,142.1300,-0.0118,50367000000.0000,40893000000.0000,0.1433,-21922705298.0000,854.0673,3.6330
1/31/2025,0.9660,-0.0154,-14.1000,,0.8745,1.2087,0.0000,1724150000000.0000,57.0000,112.3300,-0.0118,53165000000.0000,43945000000.0000,0.1410,-23281132617.0000,960.2704,3.0440
2/28/2025,0.9600,-0.0146,-13.7000,,0.8745,1.2087,0.0000,1724150000000.0000,49.0000,136.1900,-0.0118,54074000000.0000,44728000000.0000,0.1410,-25420905771.0000,1374.7355,3.8340
3/31/2025,0.9249,-0.0097,-14.5000,,0.8745,1.2087,0.0000,1724150000000.0000,140.0000,175.4300,-0.0143,53981000000.0000,46990000000.0000,0.1410,-47563053681.0000,2290.5048,4.1190
4/30/2025,0.8907,-0.0118,-16.6000,,0.8745,1.2087,0.0000,1724150000000.0000,97.0000,141.1400,-0.0168,51492000000.0000,46888000000.0000,0.1410,-19156564659.0000,3035.0332,3.3260
