Date,USD/GBP,UK Current Account Balance (USD),US Current Account Balance (USD),10 Year Bond Yield Spread,UK Sevice Exports (GBP),UK Sevice Balance (GBP),Relative Inflation,US Debt/GDP,UK Debt/GDP,Policy Rate Spread,UK Foreign Currency Reserves (USD),Purchasing Power Parity,UK Economic Policy Uncertainty,UK Consumer Sentiment,Geopolitical Risk,UK % Gold Reserves,Trade Policy Uncertainty,UK Share of Global GDP,US Share of Global GDP,US Share of Global Trade,UK Share of Global Trade
10/31/2000,0.69579,-30142652692,-1.06279E+11,0.00664,44781000000,9045000000,0.00173,0.54258,0.296,0.0051,43220000000,0.70452,55.82177,0.002,76.45653,0.0844,64.11807,0.04886,0.30017,0.1619,0.05504
11/30/2000,0.6948,-30142652692,-1.06279E+11,0.00664,44781000000,9045000000,-0.00099,0.54258,0.296,0.0051,45800000000,0.70452,68.99103,-0.006,45.06056,0.0844,140.60467,0.04886,0.30017,0.1619,0.05504
12/31/2000,0.67386,-30142652692,-1.06279E+11,0.00664,44781000000,9045000000,0.0023,0.54258,0.296,0.004,48179000000,0.70452,66.45018,0.017,45.3951,0.0844,118.00484,0.04886,0.30017,0.1619,0.05504
1/31/2001,0.68692,-29139796850,-1.07136E+11,0.00368,47675000000,12554000000,0.01248,0.55144,0.283,-0.0002,45652000000,0.69448,38.40783,0.011,46.89956,0.0775,84.50323,0.04866,0.31204,0.15753,0.05649
2/28/2001,0.69067,-29139796850,-1.07136E+11,0.00368,47675000000,12554000000,-0.00044,0.55144,0.283,-0.0051,41992000000,0.69448,56.69327,0.008,55.08771,0.0775,88.33536,0.04866,0.31204,0.15753,0.05649
3/31/2001,0.69711,-29139796850,-1.07136E+11,0.00368,47675000000,12554000000,-0.00215,0.55144,0.283,-0.0044,43307000000,0.69448,91.64287,0.021,61.70895,0.0775,80.82065,0.04866,0.31204,0.15753,0.05649
4/30/2001,0.70078,-29139796850,-95251000000,0.00054,45836000000,10377000000,-0.00506,0.54032,0.288,-0.0095,43569000000,0.69448,100.98927,0.006,50.56874,0.0757,76.67667,0.04866,0.31204,0.15753,0.05649
5/31/2001,0.71275,-29139796850,-95251000000,0.00054,45836000000,10377000000,-0.00162,0.54032,0.288,-0.0129,43513000000,0.69448,98.25623,0.003,60.37686,0.0757,62.89936,0.04866,0.31204,0.15753,0.05649
6/30/2001,0.70758,-29139796850,-95251000000,0.00054,45836000000,10377000000,0.00092,0.54032,0.288,-0.0128,43082000000,0.69448,74.84274,0.019,72.06434,0.0757,42.354,0.04866,0.31204,0.15753,0.05649
7/31/2001,0.69676,-29139796850,-1.03435E+11,0.00181,44883000000,9096000000,0.00498,0.54798,0.282,-0.0148,41605000000,0.69448,66.38373,0.025,61.07294,0.0741,74.66258,0.04866,0.31204,0.15753,0.05649
8/31/2001,0.68325,-29139796850,-1.03435E+11,0.00181,44883000000,9096000000,-0.00403,0.54798,0.282,-0.016,43037000000,0.69448,105.1327,-0.01,64.10774,0.0741,61.33516,0.04866,0.31204,0.15753,0.05649
9/30/2001,0.68996,-29139796850,-1.03435E+11,0.00181,44883000000,9096000000,0.00127,0.54798,0.282,-0.0193,43605000000,0.69448,205.25698,0.002,498.64789,0.0741,170.51233,0.04866,0.31204,0.15753,0.05649
10/31/2001,0.69623,-29139796850,-88263000000,-0.00212,45937000000,11462000000,-0.00147,0.55752,0.288,-0.0226,40852000000,0.69448,158.7216,-0.044,512.52972,0.0666,146.36161,0.04866,0.31204,0.15753,0.05649
11/30/2001,0.6939,-29139796850,-88263000000,-0.00212,45937000000,11462000000,-0.00056,0.55752,0.288,-0.0241,40977000000,0.69448,146.11531,-0.019,306.78589,0.0666,131.786,0.04866,0.31204,0.15753,0.05649
12/31/2001,0.69978,-29139796850,-88263000000,-0.00212,45937000000,11462000000,-0.0019,0.55752,0.288,-0.0218,40444000000,0.69448,108.11413,0.012,236.09975,0.0666,115.56065,0.04866,0.31204,0.15753,0.05649
1/31/2002,0.70255,-35233225039,-1.02608E+11,0.00019,44867000000,9100000000,0.00436,0.55697,0.281,-0.0227,38308000000,0.68988,85.50658,0.008,172.4772,0.0638,117.94097,0.05106,0.31199,0.15114,0.05693
2/28/2002,0.70115,-35233225039,-1.02608E+11,0.00019,44867000000,9100000000,-0.00099,0.55697,0.281,-0.0226,39527000000,0.68988,70.79348,0.009,146.18572,0.0638,80.85143,0.05106,0.31199,0.15114,0.05693
3/31/2002,0.68979,-35233225039,-1.02608E+11,0.00019,44867000000,9100000000,0.00014,0.55697,0.281,-0.0227,39964000000,0.68988,76.32832,0.011,151.97636,0.0638,69.0529,0.05106,0.31199,0.15114,0.05693
4/30/2002,0.68562,-35233225039,-1.14669E+11,0.0001,45297000000,9222000000,-0.00084,0.56271,0.285,-0.0225,41097000000,0.68988,78.08818,0.025,157.49655,0.0614,56.87167,0.05106,0.31199,0.15114,0.05693
5/31/2002,0.66083,-35233225039,-1.14669E+11,0.0001,45297000000,9222000000,-0.00153,0.56271,0.285,-0.0225,41070000000,0.68988,67.40635,0.012,163.32231,0.0614,64.48258,0.05106,0.31199,0.15114,0.05693
6/30/2002,0.64076,-35233225039,-1.14669E+11,0.0001,45297000000,9222000000,0.00056,0.56271,0.285,-0.0225,43700000000,0.68988,86.8792,0.003,149.33043,0.0614,74.01567,0.05106,0.31199,0.15114,0.05693
7/31/2002,0.6481,-35233225039,-1.14854E+11,-0.001,48595000000,11959000000,0.00487,0.56703,0.284,-0.0227,43206000000,0.68988,88.47257,0.008,122.77834,0.06,124.77032,0.05106,0.31199,0.15114,0.05693
8/31/2002,0.64155,-35233225039,-1.14854E+11,-0.001,48595000000,11959000000,0.00013,0.56703,0.284,-0.0226,43661000000,0.68988,93.724,0.009,127.06451,0.06,72.85742,0.05106,0.31199,0.15114,0.05693
9/30/2002,0.64088,-35233225039,-1.14854E+11,-0.001,48595000000,11959000000,-0.00098,0.56703,0.284,-0.0225,43985000000,0.68988,127.27273,0.036,174.90334,0.06,141.009,0.05106,0.31199,0.15114,0.05693
10/31/2002,0.63605,-35233225039,-1.23975E+11,-0.00666,47302000000,10136000000,0.0009,0.5791,0.301,-0.0225,44344000000,0.68988,108.42975,0.015,172.03192,0.0637,82.42774,0.05106,0.31199,0.15114,0.05693
11/30/2002,0.62399,-35233225039,-1.23975E+11,-0.00666,47302000000,10136000000,0.00166,0.5791,0.301,-0.0266,45115000000,0.68988,115.09958,0.017,159.12759,0.0637,124.12233,0.05106,0.31199,0.15114,0.05693
12/31/2002,0.61433,-35233225039,-1.23975E+11,-0.00666,47302000000,10136000000,-0.00098,0.5791,0.301,-0.0276,42805000000,0.68988,118.64259,-0.016,175.81172,0.0637,129.76807,0.05106,0.31199,0.15114,0.05693
1/31/2003,0.62987,-37556576825,-1.35362E+11,-0.00259,48887000000,11749000000,0.00964,0.57819,0.298,-0.0276,40669000000,0.69584,146.05941,-0.052,206.4346,0.0691,199.88065,0.05227,0.29123,0.13891,0.05531
2/28/2003,0.63743,-37556576825,-1.35362E+11,-0.00259,48887000000,11749000000,0.00284,0.57819,0.298,-0.0274,41228000000,0.69584,178.73887,-0.072,239.61093,0.0691,170.6825,0.05227,0.29123,0.13891,0.05531
3/31/2003,0.62231,-37556576825,-1.35362E+11,-0.00259,48887000000,11749000000,-0.00231,0.57819,0.298,-0.025,41708000000,0.69584,174.97274,-0.069,358.71118,0.0691,162.49323,0.05227,0.29123,0.13891,0.05531
4/30/2003,0.60443,-37556576825,-1.29336E+11,-0.00306,49657000000,12536000000,-0.00904,0.58961,0.298,-0.0249,40392000000,0.69584,153.50645,-0.032,255.77518,0.0673,123.08933,0.05227,0.29123,0.13891,0.05531
5/31/2003,0.6122,-37556576825,-1.29336E+11,-0.00306,49657000000,12536000000,-0.00164,0.58961,0.298,-0.0249,41650000000,0.69584,93.71376,-0.058,162.12187,0.0673,108.85194,0.05227,0.29123,0.13891,0.05531
6/30/2003,0.62257,-37556576825,-1.29336E+11,-0.00306,49657000000,12536000000,0.0024,0.58961,0.298,-0.0253,41582000000,0.69584,125.00648,-0.048,145.76973,0.0673,85.10133,0.05227,0.29123,0.13891,0.05531
7/31/2003,0.62649,-37556576825,-1.30105E+11,-0.00595,50342000000,12426000000,0.00458,0.58645,0.301,-0.0274,41449000000,0.69584,80.93664,-0.047,134.89891,0.0718,82.64161,0.05227,0.29123,0.13891,0.05531
8/31/2003,0.59888,-37556576825,-1.30105E+11,-0.00595,50342000000,12426000000,0.00174,0.58645,0.301,-0.0247,41989000000,0.69584,83.36263,-0.057,138.23093,0.0718,85.41581,0.05227,0.29123,0.13891,0.05531
9/30/2003,0.59225,-37556576825,-1.30105E+11,-0.00595,50342000000,12426000000,0.00065,0.58645,0.301,-0.0249,44781000000,0.69584,65.41286,-0.036,118.19628,0.0718,87.46967,0.05227,0.29123,0.13891,0.05531
10/31/2003,0.5746,-37556576825,-1.2749E+11,-0.00666,50543000000,12942000000,-0.00238,0.59445,0.314,-0.0249,44350000000,0.69584,62.29829,-0.052,108.31738,0.0744,70.99032,0.05227,0.29123,0.13891,0.05531
11/30/2003,0.54957,-37556576825,-1.2749E+11,-0.00666,50543000000,12942000000,0.00054,0.59445,0.314,-0.025,45781000000,0.69584,78.44788,-0.054,118.08669,0.0744,67.80767,0.05227,0.29123,0.13891,0.05531
12/31/2003,0.53737,-37556576825,-1.2749E+11,-0.00666,50543000000,12942000000,0.00011,0.59445,0.314,-0.0277,46060000000,0.69584,46.29119,-0.053,129.46507,0.0744,64.81355,0.05227,0.29123,0.13891,0.05531
1/31/2004,0.54764,-55504743535,-1.36989E+11,-0.00617,53482000000,15077000000,0.00819,0.59807,0.309,-0.0275,46102000000,0.68782,24.03594,-0.046,113.46759,0.0746,74.0429,0.05471,0.27591,0.13192,0.05396
2/29/2004,0.55454,-55504743535,-1.36989E+11,-0.00617,53482000000,15077000000,-0.00045,0.59807,0.309,-0.0274,45813000000,0.68782,57.13015,-0.052,115.07597,0.0746,82.44828,0.05471,0.27591,0.13192,0.05396
3/31/2004,0.55757,-55504743535,-1.36989E+11,-0.00617,53482000000,15077000000,0.00085,0.59807,0.309,-0.03,46436000000,0.68782,61.8847,-0.034,138.53207,0.0746,76.22323,0.05471,0.27591,0.13192,0.05396
4/30/2004,0.54792,-55504743535,-1.56109E+11,-0.0074,54536000000,14858000000,-0.00228,0.60055,0.325,-0.03,45007000000,0.68782,38.55235,-0.047,149.63139,0.0712,43.141,0.05471,0.27591,0.13192,0.05396
5/31/2004,0.54238,-55504743535,-1.56109E+11,-0.0074,54536000000,14858000000,0.0004,0.60055,0.325,-0.03,45509000000,0.68782,42.88217,-0.063,121.09119,0.0712,54.89194,0.05471,0.27591,0.13192,0.05396
6/30/2004,0.55057,-55504743535,-1.56109E+11,-0.0074,54536000000,14858000000,0.00372,0.60055,0.325,-0.0322,45666000000,0.68782,49.43914,-0.07,137.23392,0.0712,57.131,0.05471,0.27591,0.13192,0.05396
7/31/2004,0.55798,-55504743535,-1.61502E+11,-0.00509,54775000000,14073000000,0.00363,0.59966,0.326,-0.0324,44702000000,0.68782,52.61727,-0.061,131.01985,0.0738,44.06742,0.05471,0.27591,0.13192,0.05396
8/31/2004,0.55096,-55504743535,-1.61502E+11,-0.00509,54775000000,14073000000,-0.00205,0.59966,0.326,-0.0307,45319000000,0.68782,39.39372,-0.064,140.36583,0.0738,61.97936,0.05471,0.27591,0.13192,0.05396
9/30/2004,0.53289,-55504743535,-1.61502E+11,-0.00509,54775000000,14073000000,0.00317,0.59966,0.326,-0.0314,45926000000,0.68782,49.16622,-0.072,153.87161,0.0738,78.94933,0.05471,0.27591,0.13192,0.05396
10/31/2004,0.52165,-55504743535,-1.81291E+11,-0.00563,57068000000,16233000000,0.0027,0.60637,0.341,-0.0299,46830000000,0.68782,67.12916,-0.057,119.86279,0.0704,97.77387,0.05471,0.27591,0.13192,0.05396
11/30/2004,0.53314,-55504743535,-1.81291E+11,-0.00563,57068000000,16233000000,0.00216,0.60637,0.341,-0.0282,49245000000,0.68782,68.72603,-0.04,122.70739,0.0704,75.72333,0.05471,0.27591,0.13192,0.05396
12/31/2004,0.52553,-55504743535,-1.81291E+11,-0.00563,57068000000,16233000000,-0.00383,0.60637,0.341,-0.0259,49740000000,0.68782,44.90952,-0.048,109.89523,0.0704,37.80258,0.05471,0.27591,0.13192,0.05396
1/31/2005,0.52878,-50393919928,-1.70824E+11,-0.00422,57752000000,16460000000,0.0033,0.60913,0.335,-0.0247,48731000000,0.70762,43.98965,-0.044,100.88759,0.069,50.41968,0.05306,0.27175,0.13006,0.05212
2/28/2005,0.52669,-50393919928,-1.70824E+11,-0.00422,57752000000,16460000000,0.00162,0.60913,0.335,-0.0225,50222000000,0.70762,39.64535,-0.033,108.97797,0.069,53.70429,0.05306,0.27175,0.13006,0.05212
3/31/2005,0.54794,-50393919928,-1.70824E+11,-0.00422,57752000000,16460000000,-0.00018,0.60913,0.335,-0.0212,48774000000,0.70762,34.07871,-0.024,90.41048,0.069,39.84032,0.05306,0.27175,0.13006,0.05212
4/30/2005,0.55923,-50393919928,-1.80642E+11,-0.00101,59419000000,17706000000,-0.0007,0.60642,0.338,-0.0196,49856000000,0.70762,69.05713,-0.034,87.0324,0.0723,51.577,0.05306,0.27175,0.13006,0.05212
5/31/2005,0.566,-50393919928,-1.80642E+11,-0.00101,59419000000,17706000000,-0.00431,0.60642,0.338,-0.0175,48470000000,0.70762,71.77109,-0.046,98.20596,0.0723,56.30774,0.05306,0.27175,0.13006,0.05212
6/30/2005,0.55068,-50393919928,-1.80642E+11,-0.00101,59419000000,17706000000,0.00052,0.60642,0.338,-0.0171,48118000000,0.70762,59.40388,-0.055,81.12405,0.0723,45.59133,0.05306,0.27175,0.13006,0.05212
7/31/2005,0.56459,-50393919928,-1.88193E+11,-0.00099,58982000000,17881000000,0.00494,0.60359,0.341,-0.0149,45690000000,0.70762,47.41401,-0.043,165.90192,0.0782,45.29677,0.05306,0.27175,0.13006,0.05212
8/31/2005,0.56901,-50393919928,-1.88193E+11,-0.00099,58982000000,17881000000,0.00364,0.60359,0.341,-0.0125,45761000000,0.70762,48.54171,-0.044,116.22766,0.0782,47.80323,0.05306,0.27175,0.13006,0.05212
9/30/2005,0.57572,-50393919928,-1.88193E+11,-0.00099,58982000000,17881000000,0.01126,0.60359,0.341,-0.0088,47277000000,0.70762,70.33248,-0.049,103.80766,0.0782,56.864,0.05306,0.27175,0.13006,0.05212
10/31/2005,0.57074,-50393919928,-2.09573E+11,0.00167,61262000000,19034000000,0.00026,0.6132,0.351,-0.0072,46790000000,0.70762,40.61303,-0.062,87.06183,0.0867,51.85387,0.05306,0.27175,0.13006,0.05212
11/30/2005,0.56859,-50393919928,-2.09573E+11,0.00167,61262000000,19034000000,-0.00502,0.6132,0.351,-0.005,47555000000,0.70762,47.55924,-0.066,83.4801,0.0867,42.441,0.05306,0.27175,0.13006,0.05212
12/31/2005,0.5732,-50393919928,-2.09573E+11,0.00167,61262000000,19034000000,-0.00375,0.6132,0.351,-0.0034,48096000000,0.70762,33.10658,-0.074,95.35025,0.0867,40.22677,0.05306,0.27175,0.13006,0.05212
1/31/2006,0.56982,-84562487957,-1.99506E+11,0.00238,63461000000,20636000000,0.00979,0.61556,0.343,-0.0021,49063000000,0.69649,44.04005,-0.056,94.51002,0.0958,45.16645,0.05217,0.26576,0.12645,0.0523
2/28/2006,0.53778,-84562487957,-1.99506E+11,0.00238,63461000000,20636000000,-0.002,0.61556,0.343,-0.0001,48457000000,0.69649,37.13206,-0.048,95.85819,0.0958,46.01143,0.05217,0.26576,0.12645,0.0523
3/31/2006,0.54064,-84562487957,-1.99506E+11,0.00238,63461000000,20636000000,-0.00099,0.61556,0.343,0.0009,48735000000,0.69649,42.45645,-0.076,92.79762,0.0958,43.84387,0.05217,0.26576,0.12645,0.0523
4/30/2006,0.54388,-84562487957,-2.04953E+11,0.0038,63485000000,20989000000,-0.00121,0.61221,0.353,0.0029,51266000000,0.69649,37.08661,-0.05,89.0158,0.0971,46.10167,0.05217,0.26576,0.12645,0.0523
5/31/2006,0.52974,-84562487957,-2.04953E+11,0.0038,63485000000,20989000000,-0.00196,0.61221,0.353,0.0044,53620000000,0.69649,74.02267,-0.064,85.20878,0.0971,40.3,0.05217,0.26576,0.12645,0.0523
6/30/2006,0.52967,-84562487957,-2.04953E+11,0.0038,63485000000,20989000000,0.00002,0.61221,0.353,0.0049,48851000000,0.69649,59.82057,-0.058,102.57277,0.0971,42.66,0.05217,0.26576,0.12645,0.0523
7/31/2006,0.53441,-84562487957,-2.18442E+11,0.00469,67573000000,24983000000,0.00545,0.61333,0.353,0.0074,50721000000,0.69649,47.54378,-0.069,137.13483,0.0961,32.04323,0.05217,0.26576,0.12645,0.0523
8/31/2006,0.52454,-84562487957,-2.18442E+11,0.00469,67573000000,24983000000,0.00076,0.61333,0.353,0.0075,51053000000,0.69649,67.21323,-0.069,147.08112,0.0961,28.71032,0.05217,0.26576,0.12645,0.0523
9/30/2006,0.50949,-84562487957,-2.18442E+11,0.00469,67573000000,24983000000,-0.00613,0.61333,0.353,0.005,51443000000,0.69649,56.23448,-0.07,111.72426,0.0961,35.15567,0.05217,0.26576,0.12645,0.0523
10/31/2006,0.51059,-84562487957,-1.93746E+11,0.00137,66704000000,23729000000,-0.00566,0.61827,0.359,0.005,52535000000,0.69649,65.25508,-0.04,113.1353,0.0988,35.58065,0.05217,0.26576,0.12645,0.0523
11/30/2006,0.51089,-84562487957,-1.93746E+11,0.00137,66704000000,23729000000,-0.00194,0.61827,0.359,0.005,53806000000,0.69649,59.49059,-0.059,88.77892,0.0988,34.90067,0.05217,0.26576,0.12645,0.0523
12/31/2006,0.51332,-84562487957,-1.93746E+11,0.00137,66704000000,23729000000,0.00058,0.61827,0.359,0.0024,53214000000,0.69649,64.4887,-0.06,90.60656,0.0988,32.66871,0.05217,0.26576,0.12645,0.0523
1/31/2007,0.5021,-1.15382E+11,-2.00315E+11,-0.00102,69671000000,26156000000,0.00771,0.62253,0.351,0.0025,54113000000,0.70908,49.23218,-0.09,97.92004,0.0971,42.23484,0.05267,0.2466,0.11848,0.04783
2/28/2007,0.5044,-1.15382E+11,-2.00315E+11,-0.00102,69671000000,26156000000,0.00022,0.62253,0.351,0.0001,53661000000,0.70908,53.07193,-0.075,96.16936,0.0971,30.16286,0.05267,0.2466,0.11848,0.04783
3/31/2007,0.50199,-1.15382E+11,-2.00315E+11,-0.00102,69671000000,26156000000,0.00035,0.62253,0.351,0.0001,52923000000,0.70908,77.05523,-0.074,87.3365,0.0971,33.62516,0.05267,0.2466,0.11848,0.04783
4/30/2007,0.49059,-1.15382E+11,-1.93334E+11,-0.00517,72176000000,28224000000,-0.00062,0.61572,0.357,0,54845000000,0.70908,60.96484,-0.069,76.61338,0.084,29.053,0.05267,0.2466,0.11848,0.04783
5/31/2007,0.49779,-1.15382E+11,-1.93334E+11,-0.00517,72176000000,28224000000,0.00173,0.61572,0.357,0,53709000000,0.70908,66.57395,-0.038,92.59959,0.084,36.44548,0.05267,0.2466,0.11848,0.04783
6/30/2007,0.49396,-1.15382E+11,-1.93334E+11,-0.00517,72176000000,28224000000,-0.00008,0.61572,0.357,-0.0025,52825000000,0.70908,53.46861,-0.048,97.97231,0.084,29.24133,0.05267,0.2466,0.11848,0.04783
7/31/2007,0.48655,-1.15382E+11,-1.75756E+11,-0.00184,74071000000,29937000000,0.00657,0.61848,0.353,-0.0024,53484000000,0.70908,48.75768,-0.056,112.34625,0.1045,32.05129,0.05267,0.2466,0.11848,0.04783
8/31/2007,0.48568,-1.15382E+11,-1.75756E+11,-0.00184,74071000000,29937000000,-0.0033,0.61848,0.353,-0.0073,50886000000,0.70908,77.38868,-0.044,83.1732,0.1045,35.39903,0.05267,0.2466,0.11848,0.04783
9/30/2007,0.50151,-1.15382E+11,-1.75756E+11,-0.00184,74071000000,29937000000,0.00304,0.61848,0.353,-0.0081,52735000000,0.70908,132.26576,-0.049,94.48887,0.1045,34.22767,0.05267,0.2466,0.11848,0.04783
10/31/2007,0.50876,-1.15382E+11,-1.67144E+11,-0.00263,77595000000,32624000000,-0.00051,0.62719,0.363,-0.0099,56297000000,0.70908,91.69292,-0.044,101.47302,0.107,33.24419,0.05267,0.2466,0.11848,0.04783
11/30/2007,0.50432,-1.15382E+11,-1.67144E+11,-0.00263,77595000000,32624000000,0.00428,0.62719,0.363,-0.0126,57462000000,0.70908,131.62322,-0.072,89.79545,0.107,35.40133,0.05267,0.2466,0.11848,0.04783
12/31/2007,0.50265,-1.15382E+11,-1.67144E+11,-0.00263,77595000000,32624000000,-0.00186,0.62719,0.363,-0.0151,57178000000,0.70908,150.87321,-0.077,94.96749,0.107,63.94774,0.05267,0.2466,0.11848,0.04783
1/31/2008,0.50776,-1.13854E+11,-1.82284E+11,-0.0078,77575000000,32072000000,0.00818,0.64173,0.356,-0.0156,58938000000,0.70169,138.5729,-0.083,81.49983,0.1143,135.98613,0.04594,0.2292,0.11265,0.04241
2/29/2008,0.50886,-1.13854E+11,-1.82284E+11,-0.0078,77575000000,32072000000,-0.00353,0.64173,0.356,-0.0252,59320000000,0.70169,145.78489,-0.105,80.75147,0.1143,86.04448,0.04594,0.2292,0.11265,0.04241
3/31/2008,0.50422,-1.13854E+11,-1.82284E+11,-0.0078,77575000000,32072000000,0.00003,0.64173,0.356,-0.0264,59374000000,0.70169,168.74942,-0.116,77.63614,0.1143,75.89452,0.04594,0.2292,0.11265,0.04241
4/30/2008,0.51334,-1.13854E+11,-1.79816E+11,-0.01227,76469000000,33860000000,-0.00593,0.63852,0.377,-0.0297,59779000000,0.70169,129.51089,-0.172,71.90481,0.1246,71.59367,0.04594,0.2292,0.11265,0.04241
5/31/2008,0.55456,-1.13854E+11,-1.79816E+11,-0.01227,76469000000,33860000000,0.00008,0.63852,0.377,-0.0302,59302000000,0.70169,112.51808,-0.197,72.5738,0.1246,67.00968,0.04594,0.2292,0.11265,0.04241
6/30/2008,0.56325,-1.13854E+11,-1.79816E+11,-0.01227,76469000000,33860000000,0.00467,0.63852,0.377,-0.03,59033000000,0.70169,107.00999,-0.238,87.54842,0.1246,64.54667,0.04594,0.2292,0.11265,0.04241
7/31/2008,0.63478,-1.13854E+11,-1.78194E+11,-0.00772,77011000000,34600000000,0.00714,0.67285,0.43,-0.0299,54841000000,0.70169,113.38643,-0.288,89.73957,0.1393,75.71419,0.04594,0.2292,0.11265,0.04241
8/31/2008,0.66536,-1.13854E+11,-1.78194E+11,-0.00772,77011000000,34600000000,-0.00726,0.67285,0.43,-0.03,52565000000,0.70169,143.64465,-0.256,88.55411,0.1393,72.94065,0.04594,0.2292,0.11265,0.04241
9/30/2008,0.68566,-1.13854E+11,-1.78194E+11,-0.00772,77011000000,34600000000,-0.00374,0.67285,0.43,-0.0319,52021000000,0.70169,191.05964,-0.242,88.54256,0.1393,137.82833,0.04594,0.2292,0.11265,0.04241
10/31/2008,0.69681,-1.13854E+11,-1.56229E+11,-0.00343,76094000000,34493000000,-0.00631,0.73245,0.479,-0.0403,48252000000,0.70169,242.23438,-0.255,64.1598,0.1339,196.06452,0.04594,0.2292,0.11265,0.04241
11/30/2008,0.70756,-1.13854E+11,-1.56229E+11,-0.00343,76094000000,34493000000,-0.01771,0.73245,0.479,-0.0411,49738000000,0.70169,169.54906,-0.247,79.08097,0.1339,201.112,0.04594,0.2292,0.11265,0.04241
12/31/2008,0.68337,-1.13854E+11,-1.56229E+11,-0.00343,76094000000,34493000000,-0.00594,0.73245,0.479,-0.0284,48974000000,0.70169,123.49229,-0.253,92.36643,0.1339,161.33774,0.04594,0.2292,0.11265,0.04241
1/31/2009,0.64924,-73330869121,-99402000000,-0.01017,72480000000,32043000000,0.00827,0.77105,0.506,-0.0185,45356000000,0.71009,129.4459,-0.301,85.36948,0.1446,200.73032,0.03966,0.23715,0.11363,0.04207
2/28/2009,0.61137,-73330869121,-99402000000,-0.01017,72480000000,32043000000,-0.00329,0.77105,0.506,-0.0128,44739000000,0.71009,129.95285,-0.277,67.45268,0.1446,239.66071,0.03966,0.23715,0.11363,0.04207
3/31/2009,0.61148,-73330869121,-99402000000,-0.01017,72480000000,32043000000,-0.00213,0.77105,0.506,-0.0082,45435000000,0.71009,111.89681,-0.239,72.64462,0.1446,192.09677,0.03966,0.23715,0.11363,0.04207
4/30/2009,0.60474,-73330869121,-87089000000,-0.00653,71562000000,31261000000,-0.00128,0.8028,0.549,-0.0035,46947000000,0.71009,111.68908,-0.205,85.6885,0.1316,122.307,0.03966,0.23715,0.11363,0.04207
5/31/2009,0.61196,-73330869121,-87089000000,-0.00653,71562000000,31261000000,-0.0031,0.8028,0.549,-0.0032,51504000000,0.71009,116.61089,-0.205,89.68086,0.1316,97.93742,0.03966,0.23715,0.11363,0.04207
6/30/2009,0.61833,-73330869121,-87089000000,-0.00653,71562000000,31261000000,0.00602,0.8028,0.549,-0.0029,50911000000,0.71009,154.18636,-0.171,81.10959,0.1316,111.88467,0.03966,0.23715,0.11363,0.04207
7/31/2009,0.60268,-73330869121,-91384000000,-0.00172,68609000000,28420000000,0.00084,0.82427,0.564,-0.0034,50653000000,0.71009,128.96146,-0.156,83.43962,0.1204,101.85677,0.03966,0.23715,0.11363,0.04207
8/31/2009,0.61683,-73330869121,-91384000000,-0.00172,68609000000,28420000000,-0.00006,0.82427,0.564,-0.0034,62042000000,0.71009,117.74832,-0.163,73.37188,0.1204,86.33807,0.03966,0.23715,0.11363,0.04207
9/30/2009,0.6199,-73330869121,-91384000000,-0.00172,68609000000,28420000000,0.00193,0.82427,0.564,-0.0035,63252000000,0.71009,100.07635,-0.096,92.83999,0.1204,70.18967,0.03966,0.23715,0.11363,0.04207
10/31/2009,0.64803,-73330869121,-1.01854E+11,-0.00349,70861000000,30200000000,0.00187,0.84029,0.61,-0.0038,64203000000,0.71009,107.5424,-0.088,90.5764,0.1365,64.48387,0.03966,0.23715,0.11363,0.04207
11/30/2009,0.66289,-73330869121,-1.01854E+11,-0.00349,70861000000,30200000000,0.00109,0.84029,0.61,-0.0038,66959000000,0.71009,107.572,-0.088,82.10176,0.1365,86.084,0.03966,0.23715,0.11363,0.04207
12/31/2009,0.65565,-73330869121,-1.01854E+11,-0.00349,70861000000,30200000000,-0.00287,0.84029,0.61,-0.0038,64138000000,0.71009,135.97782,-0.106,92.94692,0.1365,103.11807,0.03966,0.23715,0.11363,0.04207
1/31/2010,0.68916,-68893627524,-1.03034E+11,-0.00322,69663000000,28147000000,0.00177,0.86512,0.647,-0.0039,64295000000,0.70236,148.26556,-0.082,91.58102,0.1284,133.36613,0.03725,0.2253,0.11327,0.0393
2/28/2010,0.66863,-68893627524,-1.03034E+11,-0.00322,69663000000,28147000000,-0.0032,0.86512,0.647,-0.0037,65279000000,0.70236,143.3424,-0.07,80.72536,0.1284,120.63357,0.03725,0.2253,0.11327,0.0393
3/31/2010,0.64482,-68893627524,-1.03034E+11,-0.00322,69663000000,28147000000,-0.00416,0.86512,0.647,-0.0034,69091000000,0.70236,160.08869,-0.08,74.11694,0.1284,89.01,0.03725,0.2253,0.11327,0.0393
4/30/2010,0.64521,-68893627524,-1.11736E+11,0.00024,69976000000,27580000000,-0.00536,0.88128,0.664,-0.003,70948000000,0.70236,161.00446,-0.089,88.76158,0.1396,78.25633,0.03725,0.2253,0.11327,0.0393
5/31/2010,0.63528,-68893627524,-1.11736E+11,0.00024,69976000000,27580000000,-0.00274,0.88128,0.664,-0.003,71305000000,0.70236,243.53858,-0.111,88.95871,0.1396,116.37387,0.03725,0.2253,0.11327,0.0393
6/30/2010,0.62725,-68893627524,-1.11736E+11,0.00024,69976000000,27580000000,-0.00153,0.88128,0.664,-0.0032,71114000000,0.70236,184.01828,-0.117,96.4537,0.1396,128.797,0.03725,0.2253,0.11327,0.0393
7/31/2010,0.6325,-68893627524,-1.16619E+11,-0.0028,70953000000,27917000000,0.00409,0.89565,0.68,-0.0032,72236000000,0.70236,142.86163,-0.141,79.38138,0.1371,176.18226,0.03725,0.2253,0.11327,0.0393
8/31/2010,0.64203,-68893627524,-1.16619E+11,-0.0028,70953000000,27917000000,-0.00298,0.89565,0.68,-0.0031,72715000000,0.70236,165.98423,-0.12,80.99387,0.1371,137.42161,0.03725,0.2253,0.11327,0.0393
9/30/2010,0.62444,-68893627524,-1.16619E+11,-0.0028,70953000000,27917000000,0.00162,0.89565,0.68,-0.0031,77590000000,0.70236,127.90262,-0.16,71.16855,0.1371,192.173,0.03725,0.2253,0.11327,0.0393
10/31/2010,0.6184,-68893627524,-1.00621E+11,-0.0079,72558000000,30039000000,0.00127,0.91611,0.703,-0.0031,76642000000,0.70236,177.80287,-0.164,65.99194,0.143,206.44161,0.03725,0.2253,0.11327,0.0393
11/30/2010,0.61689,-68893627524,-1.00621E+11,-0.0079,72558000000,30039000000,-0.00078,0.91611,0.703,-0.0031,76053000000,0.70236,153.24843,-0.18,94.70517,0.143,147.25133,0.03725,0.2253,0.11327,0.0393
12/31/2010,0.61205,-68893627524,-1.00621E+11,-0.0079,72558000000,30039000000,-0.00478,0.91611,0.703,-0.0032,77869000000,0.70236,122.77899,-0.173,97.2039,0.143,145.41548,0.03725,0.2253,0.11327,0.0393
1/31/2011,0.61375,-43445876389,-1.19236E+11,-0.00392,72765000000,31035000000,0.00215,0.92956,0.709,-0.0033,82127000000,0.70605,123.68015,-0.218,79.42162,0.1336,140.09903,0.03592,0.21029,0.10854,0.0382
2/28/2011,0.62303,-43445876389,-1.19236E+11,-0.00392,72765000000,31035000000,-0.00223,0.92956,0.709,-0.0034,85423000000,0.70605,119.12128,-0.208,90.01449,0.1336,125.855,0.03592,0.21029,0.10854,0.0382
3/31/2011,0.61128,-43445876389,-1.19236E+11,-0.00392,72765000000,31035000000,0.00192,0.92956,0.709,-0.0036,85729000000,0.70605,131.42254,-0.217,136.88831,0.1336,131.18484,0.03592,0.21029,0.10854,0.0382
4/30/2011,0.6269,-43445876389,-1.19435E+11,-0.00101,76285000000,33558000000,-0.00287,0.92194,0.724,-0.004,90735000000,0.70605,97.93699,-0.251,91.01777,0.1379,106.47167,0.03592,0.21029,0.10854,0.0382
5/31/2011,0.63898,-43445876389,-1.19435E+11,-0.00101,76285000000,33558000000,0.00104,0.92194,0.724,-0.0041,91096000000,0.70605,94.24407,-0.177,105.34492,0.1379,77.5171,0.03592,0.21029,0.10854,0.0382
6/30/2011,0.62857,-43445876389,-1.19435E+11,-0.00101,76285000000,33558000000,0,0.92194,0.724,-0.0041,90783000000,0.70605,122.69767,-0.197,84.39185,0.1379,102.33733,0.03592,0.21029,0.10854,0.0382
7/31/2011,0.6411,-43445876389,-1.0686E+11,0.00133,79211000000,36123000000,0.00262,0.94521,0.729,-0.0043,94240000000,0.70605,149.02829,-0.213,78.92476,0.1461,211.10581,0.03592,0.21029,0.10854,0.0382
8/31/2011,0.64565,-43445876389,-1.0686E+11,0.00133,79211000000,36123000000,-0.00112,0.94521,0.729,-0.004,98048000000,0.70605,177.75312,-0.237,86.95157,0.1461,227.57355,0.03592,0.21029,0.10854,0.0382
9/30/2011,0.63341,-43445876389,-1.0686E+11,0.00133,79211000000,36123000000,-0.00422,0.94521,0.729,-0.0042,94342000000,0.70605,153.32764,-0.246,83.35045,0.1461,206.85533,0.03592,0.21029,0.10854,0.0382
10/31/2011,0.6322,-43445876389,-1.09771E+11,-0.00185,75984000000,31936000000,0.00068,0.96091,0.742,-0.0043,98172000000,0.70605,149.69091,-0.266,76.33994,0.1392,100.71161,0.03592,0.21029,0.10854,0.0382
11/30/2011,0.62437,-43445876389,-1.09771E+11,-0.00185,75984000000,31936000000,-0.00027,0.96091,0.742,-0.0042,96953000000,0.70605,209.89849,-0.254,83.15768,0.1392,131.41333,0.03592,0.21029,0.10854,0.0382
12/31/2011,0.63051,-43445876389,-1.09771E+11,-0.00185,75984000000,31936000000,-0.00293,0.96091,0.742,-0.0043,93540000000,0.70605,140.62798,-0.259,85.34132,0.1392,152.07226,0.03592,0.21029,0.10854,0.0382
1/31/2012,0.64144,-85197234067,-1.13912E+11,-0.00248,80055000000,35936000000,0.00588,0.97123,0.743,-0.0042,96833000000,0.70163,137.26155,-0.224,79.63497,0.1465,121.49161,0.0358,0.21492,0.11094,0.03748
2/29/2012,0.64184,-85197234067,-1.13912E+11,-0.00248,80055000000,35936000000,-0.00314,0.97123,0.743,-0.004,99971000000,0.70163,132.02023,-0.225,92.44582,0.1465,84.29828,0.0358,0.21492,0.11094,0.03748
3/31/2012,0.63439,-85197234067,-1.13912E+11,-0.00248,80055000000,35936000000,-0.00001,0.97123,0.743,-0.0037,98672000000,0.70163,103.72964,-0.242,88.75998,0.1465,71.04129,0.0358,0.21492,0.11094,0.03748
4/30/2012,0.61919,-85197234067,-1.10004E+11,0.00076,77362000000,32283000000,-0.00358,0.97828,0.753,-0.0036,1.01529E+11,0.70163,109.31269,-0.25,96.01669,0.1413,72.25233,0.0358,0.21492,0.11094,0.03748
5/31/2012,0.62259,-85197234067,-1.10004E+11,0.00076,77362000000,32283000000,-0.00207,0.97828,0.753,-0.0034,1.0043E+11,0.70163,151.78518,-0.247,78.17116,0.1413,96.57516,0.0358,0.21492,0.11094,0.03748
6/30/2012,0.6263,-85197234067,-1.10004E+11,0.00076,77362000000,32283000000,0.0023,0.97828,0.753,-0.0034,1.01174E+11,0.70163,169.64908,-0.245,77.82243,0.1413,117.74633,0.0358,0.21492,0.11094,0.03748
7/31/2012,0.61966,-85197234067,-98866000000,-0.00153,78744000000,34921000000,-0.00076,0.98448,0.759,-0.0034,1.01454E+11,0.70163,129.98323,-0.217,82.80802,0.1518,129.35807,0.0358,0.21492,0.11094,0.03748
8/31/2012,0.63112,-85197234067,-98866000000,-0.00153,78744000000,34921000000,0.00163,0.98448,0.759,-0.0037,1.03156E+11,0.70163,98.17869,-0.214,74.87836,0.1518,133.72194,0.0358,0.21492,0.11094,0.03748
9/30/2012,0.65657,-85197234067,-98866000000,-0.00153,78744000000,34921000000,0.00165,0.98448,0.759,-0.0036,1.05084E+11,0.70163,124.43543,-0.231,69.28051,0.1518,109.51833,0.0358,0.21492,0.11094,0.03748
10/31/2012,0.65874,-85197234067,-95400000000,-0.00048,75913000000,32825000000,-0.00145,1.00075,0.776,-0.0034,1.05058E+11,0.70163,153.99229,-0.243,81.66367,0.1412,157.81387,0.0358,0.21492,0.11094,0.03748
11/30/2012,0.64994,-85197234067,-95400000000,-0.00048,75913000000,32825000000,-0.00375,1.00075,0.776,-0.0034,1.05628E+11,0.70163,162.10096,-0.185,81.38964,0.1412,195.85967,0.0358,0.21492,0.11094,0.03748
12/31/2012,0.65181,-85197234067,-95400000000,-0.00048,75913000000,32825000000,-0.00321,1.00075,0.776,-0.0034,1.05166E+11,0.70163,140.6439,-0.21,74.83156,0.1412,187.66419,0.0358,0.21492,0.11094,0.03748
1/31/2013,0.65767,-1.29529E+11,-90923000000,-0.00168,80384000000,35507000000,0.00506,1.0074,0.775,-0.0036,1.05989E+11,0.69525,187.77022,-0.201,90.65749,0.1383,168.84129,0.03579,0.21679,0.10945,0.03739
2/28/2013,0.65025,-1.29529E+11,-90923000000,-0.00168,80384000000,35507000000,0.00028,1.0074,0.775,-0.0035,1.02326E+11,0.69525,97.38131,-0.217,81.59033,0.1383,125.91964,0.03579,0.21679,0.10945,0.03739
3/31/2013,0.63894,-1.29529E+11,-90923000000,-0.00168,80384000000,35507000000,-0.00589,1.0074,0.775,-0.0036,1.0383E+11,0.69525,108.96335,-0.199,75.89672,0.1383,110.26516,0.03579,0.21679,0.10945,0.03739
4/30/2013,0.62334,-1.29529E+11,-89161000000,-0.00252,79975000000,34424000000,-0.00413,1.00058,0.785,-0.0035,1.03126E+11,0.69525,101.40815,-0.195,95.10787,0.1055,57.292,0.03579,0.21679,0.10945,0.03739
5/31/2013,0.62203,-1.29529E+11,-89161000000,-0.00252,79975000000,34424000000,-0.00163,1.00058,0.785,-0.0039,1.02643E+11,0.69525,72.98244,-0.185,83.71732,0.1055,46.9729,0.03579,0.21679,0.10945,0.03739
6/30/2013,0.61383,-1.29529E+11,-89161000000,-0.00252,79975000000,34424000000,0.00442,1.00058,0.785,-0.0041,1.02054E+11,0.69525,90.50814,-0.18,82.97301,0.1055,56.837,0.03579,0.21679,0.10945,0.03739
7/31/2013,0.60913,-1.29529E+11,-85392000000,-0.00095,78838000000,33378000000,0.00196,0.98728,0.785,-0.0041,1.03374E+11,0.69525,68.188,-0.111,73.97582,0.109,74.65581,0.03579,0.21679,0.10945,0.03739
8/31/2013,0.60506,-1.29529E+11,-85392000000,-0.00095,78838000000,33378000000,-0.00169,0.98728,0.785,-0.0042,1.0492E+11,0.69525,91.64773,-0.104,90.95675,0.109,77.04871,0.03579,0.21679,0.10945,0.03739
9/30/2013,0.60061,-1.29529E+11,-85392000000,-0.00095,78838000000,33378000000,-0.00267,0.98728,0.785,-0.0042,1.08354E+11,0.69525,94.26217,-0.096,100.45933,0.109,85.31033,0.03579,0.21679,0.10945,0.03739
10/31/2013,0.59928,-1.29529E+11,-74041000000,-0.00175,76324000000,31021000000,-0.00048,0.99791,0.796,-0.0041,1.08359E+11,0.69525,110.99637,-0.101,72.95312,0.1012,138.56774,0.03579,0.21679,0.10945,0.03739
11/30/2013,0.59335,-1.29529E+11,-74041000000,-0.00175,76324000000,31021000000,0.00184,0.99791,0.796,-0.0042,1.09559E+11,0.69525,82.07479,-0.117,77.77902,0.1012,62.91867,0.03579,0.21679,0.10945,0.03739
12/31/2013,0.59235,-1.29529E+11,-74041000000,-0.00175,76324000000,31021000000,-0.0014,0.99791,0.796,-0.0041,1.08804E+11,0.69525,89.42394,-0.103,70.37249,0.1012,67.34419,0.03579,0.21679,0.10945,0.03739
1/31/2014,0.58556,-1.53585E+11,-90914000000,0.00024,76437000000,29573000000,0.00746,1.02346,0.792,-0.0043,1.09033E+11,0.69844,103.99873,-0.059,77.91597,0.1004,72.74032,0.03834,0.22015,0.11192,0.03849
2/28/2014,0.598,-1.53585E+11,-90914000000,0.00024,76437000000,29573000000,-0.00295,1.02346,0.792,-0.0043,1.11979E+11,0.69844,117.69553,-0.066,69.00353,0.1004,70.11464,0.03834,0.22015,0.11192,0.03849
3/31/2014,0.61254,-1.53585E+11,-90914000000,0.00024,76437000000,29573000000,0.00002,1.02346,0.792,-0.0042,1.15351E+11,0.69844,111.0479,-0.048,119.83855,0.1004,66.29032,0.03834,0.22015,0.11192,0.03849
4/30/2014,0.62175,-1.53585E+11,-87169000000,-0.00032,76667000000,29789000000,-0.00116,1.00651,0.804,-0.0041,1.11674E+11,0.69844,71.12623,-0.034,93.22154,0.1007,41.86533,0.03834,0.22015,0.11192,0.03849
5/31/2014,0.63203,-1.53585E+11,-87169000000,-0.00032,76667000000,29789000000,0.0019,1.00651,0.804,-0.0041,1.13608E+11,0.69844,90.16492,-0.034,83.42886,0.1007,37.66097,0.03834,0.22015,0.11192,0.03849
6/30/2014,0.63931,-1.53585E+11,-87169000000,-0.00032,76667000000,29789000000,-0.00069,1.00651,0.804,-0.004,1.15964E+11,0.69844,68.77737,-0.024,98.76711,0.1007,35.41467,0.03834,0.22015,0.11192,0.03849
7/31/2014,0.65973,-1.53585E+11,-89189000000,-0.00047,80088000000,31107000000,0.00313,1.00112,0.807,-0.0041,1.15274E+11,0.69844,62.33545,-0.036,138.75395,0.098,52.94903,0.03834,0.22015,0.11192,0.03849
8/31/2014,0.65145,-1.53585E+11,-89189000000,-0.00047,80088000000,31107000000,-0.00317,1.00112,0.807,-0.0041,1.14502E+11,0.69844,132.47333,-0.015,136.44559,0.098,38.34613,0.03834,0.22015,0.11192,0.03849
9/30/2014,0.67087,-1.53585E+11,-89189000000,-0.00047,80088000000,31107000000,-0.00093,1.00112,0.807,-0.0041,1.11461E+11,0.69844,176.28371,-0.045,131.55666,0.098,44.688,0.03834,0.22015,0.11192,0.03849
10/31/2014,0.66503,-1.53585E+11,-1.02784E+11,0.00188,81014000000,29568000000,-0.0012,1.01281,0.821,-0.0041,1.12545E+11,0.69844,95.96921,-0.031,83.661,0.0966,44.60677,0.03834,0.22015,0.11192,0.03849
11/30/2014,0.64644,-1.53585E+11,-1.02784E+11,0.00188,81014000000,29568000000,0.00012,1.01281,0.821,-0.0041,1.12811E+11,0.69844,86.5665,-0.045,84.38005,0.0966,44.79967,0.03834,0.22015,0.11192,0.03849
12/31/2014,0.64009,-1.53585E+11,-1.02784E+11,0.00188,81014000000,29568000000,-0.00309,1.01281,0.821,-0.0038,1.09088E+11,0.69844,121.59109,-0.04,86.52622,0.0966,45.40871,0.03834,0.22015,0.11192,0.03849
1/31/2015,0.64211,-1.44834E+11,-99395000000,0.00174,81413000000,29167000000,0.00064,1.0049,0.816,-0.0039,1.12011E+11,0.69237,135.73044,-0.018,111.9857,0.0873,59.62129,0.03878,0.24226,0.12077,0.03993
2/28/2015,0.6453,-1.44834E+11,-99395000000,0.00174,81413000000,29167000000,-0.00049,1.0049,0.816,-0.0039,1.18202E+11,0.69237,119.08362,-0.014,111.9247,0.0873,54.46107,0.03878,0.24226,0.12077,0.03993
3/31/2015,0.65309,-1.44834E+11,-99395000000,0.00174,81413000000,29167000000,0.00169,1.0049,0.816,-0.0039,1.24617E+11,0.69237,131.49865,0.003,104.23527,0.0873,53.65871,0.03878,0.24226,0.12077,0.03993
4/30/2015,0.65139,-1.44834E+11,-99475000000,-0.00043,81688000000,28562000000,-0.00197,0.99301,0.823,-0.0038,1.25746E+11,0.69237,170.47333,0.008,102.19049,0.0833,62.93367,0.03878,0.24226,0.12077,0.03993
5/31/2015,0.66138,-1.44834E+11,-99475000000,-0.00043,81688000000,28562000000,0.0013,0.99301,0.823,-0.0038,1.28508E+11,0.69237,140.91246,-0.038,76.26233,0.0833,45.57355,0.03878,0.24226,0.12077,0.03993
6/30/2015,0.67419,-1.44834E+11,-99475000000,-0.00043,81688000000,28562000000,0.00277,0.99301,0.823,-0.0037,1.27289E+11,0.69237,148.81656,0.006,85.90597,0.0833,56.81467,0.03878,0.24226,0.12077,0.03993
7/31/2015,0.69653,-1.44834E+11,-1.09927E+11,0.00321,79754000000,27869000000,0.00259,0.98636,0.82,-0.0037,1.2976E+11,0.69237,136.10011,0.004,106.80866,0.0737,64.20839,0.03878,0.24226,0.12077,0.03993
8/31/2015,0.70564,-1.44834E+11,-1.09927E+11,0.00321,79754000000,27869000000,-0.003,0.98636,0.82,-0.0036,1.31215E+11,0.69237,86.14368,0.001,82.47853,0.0737,54.88903,0.03878,0.24226,0.12077,0.03993
9/30/2015,0.70266,-1.44834E+11,-1.09927E+11,0.00321,79754000000,27869000000,-0.00125,0.98636,0.82,-0.0036,1.31039E+11,0.69237,135.07501,-0.009,98.76746,0.0737,52.40833,0.03878,0.24226,0.12077,0.03993
10/31/2015,0.69121,-1.44834E+11,-99657000000,0.00154,83155000000,28735000000,-0.00001,1.02642,0.822,-0.0038,1.35121E+11,0.69237,89.91453,-0.003,91.93189,0.0714,55.60516,0.03878,0.24226,0.12077,0.03993
11/30/2015,0.69216,-1.44834E+11,-99657000000,0.00154,83155000000,28735000000,0.0012,1.02642,0.822,-0.0038,1.28713E+11,0.69237,120.86215,-0.018,150.71588,0.0714,44.05667,0.03878,0.24226,0.12077,0.03993
12/31/2015,0.74375,-1.44834E+11,-99657000000,0.00154,83155000000,28735000000,-0.00207,1.02642,0.822,-0.0026,1.30486E+11,0.69237,82.87279,0.016,148.23688,0.0714,45.73484,0.03878,0.24226,0.12077,0.03993
1/31/2016,0.76366,-1.47869E+11,-1.04015E+11,0.0048,83645000000,29424000000,0.00452,1.03989,0.811,-0.0016,1.35181E+11,0.6886,135.63232,0.012,118.21114,0.0794,68.76452,0.03514,0.2448,0.12085,0.039
2/29/2016,0.75691,-1.47869E+11,-1.04015E+11,0.0048,83645000000,29424000000,-0.00333,1.03989,0.811,-0.0012,1.34343E+11,0.6886,190.81672,-0.008,103.74965,0.0794,58.60448,0.03514,0.2448,0.12085,0.039
3/31/2016,0.79234,-1.47869E+11,-1.04015E+11,0.0048,83645000000,29424000000,0.00014,1.03989,0.811,-0.0014,1.38018E+11,0.6886,290.92952,-0.013,109.72029,0.0794,52.48355,0.03514,0.2448,0.12085,0.039
4/30/2016,0.8104,-1.47869E+11,-1.00481E+11,0.00338,85727000000,31535000000,0.00184,1.0358,0.813,-0.0013,1.44976E+11,0.6886,197.1708,-0.024,85.22145,0.0811,44.737,0.03514,0.2448,0.12085,0.039
5/31/2016,0.79805,-1.47869E+11,-1.00481E+11,0.00338,85727000000,31535000000,0.00038,1.0358,0.813,-0.0013,1.39957E+11,0.6886,246.75491,-0.022,88.33242,0.0811,54.59258,0.03514,0.2448,0.12085,0.039
6/30/2016,0.81428,-1.47869E+11,-1.00481E+11,0.00338,85727000000,31535000000,0.00079,1.0358,0.813,-0.0012,1.43467E+11,0.6886,503.94249,-0.019,90.16813,0.0811,105.36467,0.03514,0.2448,0.12085,0.039
7/31/2016,0.79943,-1.47869E+11,-99562000000,0.00659,85612000000,29813000000,0.00049,1.03604,0.809,-0.0011,1.49048E+11,0.6886,558.22364,-0.101,114.61045,0.0907,81.42,0.03514,0.2448,0.12085,0.039
8/31/2016,0.80991,-1.47869E+11,-99562000000,0.00659,85612000000,29813000000,-0.00112,1.03604,0.809,-0.001,1.4732E+11,0.6886,311.36483,-0.082,98.73849,0.0907,68.59032,0.03514,0.2448,0.12085,0.039
9/30/2016,0.79247,-1.47869E+11,-99562000000,0.00659,85612000000,29813000000,-0.00034,1.03604,0.809,0.0015,1.4673E+11,0.6886,209.63794,-0.032,104.54523,0.0907,44.37567,0.03514,0.2448,0.12085,0.039
10/31/2016,0.77325,-1.47869E+11,-92158000000,0.00462,87587000000,32622000000,0.00136,1.04649,0.831,0.0015,1.45909E+11,0.6886,270.02349,-0.035,85.74779,0.0847,57.46839,0.03514,0.2448,0.12085,0.039
11/30/2016,0.7805,-1.47869E+11,-92158000000,0.00462,87587000000,32622000000,-0.00079,1.04649,0.831,0.0016,1.39904E+11,0.6886,358.82841,-0.061,82.91876,0.0847,157.05,0.03514,0.2448,0.12085,0.039
12/31/2016,0.76898,-1.47869E+11,-92158000000,0.00462,87587000000,32622000000,-0.00141,1.04649,0.831,0.0029,1.36586E+11,0.6886,196.34369,-0.051,102.18047,0.0847,132.60516,0.03514,0.2448,0.12085,0.039
1/31/2017,0.77266,-93747523537,-85463000000,0.01123,88291000000,32481000000,0.00796,1.02937,0.833,0.004,1.42572E+11,0.6846,257.8484,-0.057,105.20123,0.0875,135.36355,0.03283,0.24,0.11724,0.03728
2/28/2017,0.74968,-93747523537,-85463000000,0.01123,88291000000,32481000000,-0.0043,1.02937,0.833,0.0041,1.42259E+11,0.6846,194.04471,-0.066,114.20636,0.0875,108.98714,0.03283,0.24,0.11724,0.03728
3/31/2017,0.75761,-93747523537,-85463000000,0.01123,88291000000,32481000000,-0.0034,1.02937,0.833,0.0054,1.43492E+11,0.6846,232.45973,-0.063,96.63588,0.0875,111.48065,0.03283,0.24,0.11724,0.03728
4/30/2017,0.7575,-93747523537,-1.0394E+11,0.01206,89327000000,31108000000,-0.00363,1.02088,0.84,0.0065,1.52448E+11,0.6846,169.17604,-0.063,119.45992,0.0841,93.21533,0.03283,0.24,0.11724,0.03728
5/31/2017,0.74483,-93747523537,-1.0394E+11,0.01206,89327000000,31108000000,-0.00368,1.02088,0.84,0.0066,1.53974E+11,0.6846,159.40145,-0.059,102.57996,0.0841,89.82968,0.03283,0.24,0.11724,0.03728
6/30/2017,0.71912,-93747523537,-1.0394E+11,0.01206,89327000000,31108000000,0.00065,1.02088,0.84,0.0079,1.50766E+11,0.6846,318.99116,-0.086,126.78902,0.0841,71.42167,0.03283,0.24,0.11724,0.03728
7/31/2017,0.71906,-93747523537,-85766000000,0.01107,94296000000,36522000000,0.00033,1.02805,0.845,0.009,1.61311E+11,0.6846,183.65895,-0.071,102.81346,0.0857,89.16936,0.03283,0.24,0.11724,0.03728
8/31/2017,0.7129,-93747523537,-85766000000,0.01107,94296000000,36522000000,-0.00098,1.02805,0.845,0.0091,1.60799E+11,0.6846,151.2043,-0.081,138.53162,0.0857,94.53226,0.03283,0.24,0.11724,0.03728
9/30/2017,0.71955,-93747523537,-85766000000,0.01107,94296000000,36522000000,0.00222,1.02805,0.845,0.009,1.54315E+11,0.6846,140.77882,-0.083,115.53445,0.0857,97.24767,0.03283,0.24,0.11724,0.03728
10/31/2017,0.74627,-93747523537,-92446000000,0.0103,90680000000,32859000000,-0.00018,1.02274,0.824,0.009,1.53924E+11,0.6846,184.03005,-0.074,91.46157,0.0854,87.66032,0.03283,0.24,0.11724,0.03728
11/30/2017,0.75588,-93747523537,-92446000000,0.0103,90680000000,32859000000,-0.00021,1.02274,0.824,0.0091,1.52868E+11,0.6846,214.97008,-0.077,92.59602,0.0854,136.83633,0.03283,0.24,0.11724,0.03728
12/31/2017,0.76564,-93747523537,-92446000000,0.0103,90680000000,32859000000,-0.00076,1.02274,0.824,0.008,1.5855E+11,0.6846,160.7223,-0.079,82.71825,0.0854,122.37645,0.03283,0.24,0.11724,0.03728
1/31/2018,0.77583,-1.12616E+11,-96829000000,0.01079,94606000000,34698000000,0.00902,1.03744,0.823,0.0091,1.64278E+11,0.68771,123.16,-0.076,92.42679,0.0838,152.80645,0.03313,0.23806,0.11379,0.0372
2/28/2018,0.76273,-1.12616E+11,-96829000000,0.01079,94606000000,34698000000,-0.00114,1.03744,0.823,0.0092,1.60966E+11,0.68771,109.74873,-0.069,64.49137,0.0838,110.075,0.03313,0.23806,0.11379,0.0372
3/31/2018,0.76994,-1.12616E+11,-96829000000,0.01079,94606000000,34698000000,-0.00171,1.03744,0.823,0.0101,1.6421E+11,0.68771,116.6054,-0.059,111.9623,0.0838,134.57807,0.03313,0.23806,0.11379,0.0372
4/30/2018,0.78241,-1.12616E+11,-94724000000,0.01392,94748000000,33352000000,-0.0012,1.02984,0.827,0.0119,1.62378E+11,0.68771,102.28703,-0.075,123.26347,0.0803,140.36267,0.03313,0.23806,0.11379,0.0372
5/31/2018,0.78734,-1.12616E+11,-94724000000,0.01392,94748000000,33352000000,-0.00153,1.02984,0.827,0.012,1.64686E+11,0.68771,121.5437,-0.048,125.66662,0.0803,155.08936,0.03313,0.23806,0.11379,0.0372
6/30/2018,0.76963,-1.12616E+11,-94724000000,0.01392,94748000000,33352000000,0.0009,1.02984,0.827,0.0132,1.6273E+11,0.68771,105.48677,-0.07,103.96859,0.0803,196.69867,0.03313,0.23806,0.11379,0.0372
7/31/2018,0.76147,-1.12616E+11,-1.18825E+11,0.01465,96419000000,34756000000,0.00078,1.03449,0.817,0.0141,1.60736E+11,0.68771,129.62264,-0.044,110.02843,0.077,210.80742,0.03313,0.23806,0.11379,0.0372
8/31/2018,0.7629,-1.12616E+11,-1.18825E+11,0.01465,96419000000,34756000000,-0.00388,1.03449,0.817,0.0141,1.6382E+11,0.68771,121.62975,-0.056,112.74168,0.077,168.87516,0.03313,0.23806,0.11379,0.0372
9/30/2018,0.77271,-1.12616E+11,-1.18825E+11,0.01465,96419000000,34756000000,0.00112,1.03449,0.817,0.012,1.61256E+11,0.68771,157.31582,-0.07,75.05391,0.077,180.30333,0.03313,0.23806,0.11379,0.0372
10/31/2018,0.78961,-1.12616E+11,-1.28616E+11,0.01712,97816000000,30810000000,0.0014,1.05049,0.819,0.0144,1.64239E+11,0.68771,183.25267,-0.07,92.01648,0.0739,210.62323,0.03313,0.23806,0.11379,0.0372
11/30/2018,0.79693,-1.12616E+11,-1.28616E+11,0.01712,97816000000,30810000000,-0.00258,1.05049,0.819,0.0145,1.73215E+11,0.68771,191.96646,-0.081,80.40759,0.0739,270.593,0.03313,0.23806,0.11379,0.0372
12/31/2018,0.82165,-1.12616E+11,-1.28616E+11,0.01712,97816000000,30810000000,-0.00119,1.05049,0.819,0.0152,1.76577E+11,0.68771,239.69103,-0.092,90.60767,0.0739,493.81581,0.03313,0.23806,0.11379,0.0372
1/31/2019,0.81096,-76564527688,-1.15086E+11,0.0146,92549000000,29616000000,0.00572,1.0434,0.802,0.0165,1.80845E+11,0.66967,309.97245,-0.113,87.4241,0.0791,471.46839,0.03241,0.2447,0.11522,0.03756
2/28/2019,0.7985,-76564527688,-1.15086E+11,0.0146,92549000000,29616000000,-0.00076,1.0434,0.802,0.0165,1.74993E+11,0.66967,196.95947,-0.108,96.80016,0.0791,359.57464,0.03241,0.2447,0.11522,0.03756
3/31/2019,0.77636,-76564527688,-1.15086E+11,0.0146,92549000000,29616000000,0.00191,1.0434,0.802,0.0166,1.69493E+11,0.66967,212.78254,-0.117,82.32829,0.0791,256.00226,0.03241,0.2447,0.11522,0.03756
4/30/2019,0.7664,-76564527688,-1.17608E+11,0.0145,97299000000,32660000000,-0.00185,1.02923,0.81,0.0167,1.71971E+11,0.66967,135.51848,-0.111,79.25345,0.0874,233.604,0.03241,0.2447,0.11522,0.03756
5/31/2019,0.76503,-76564527688,-1.17608E+11,0.0145,97299000000,32660000000,-0.00254,1.02923,0.81,0.0164,1.65204E+11,0.66967,158.68261,-0.083,106.4719,0.0874,309.46194,0.03241,0.2447,0.11522,0.03756
6/30/2019,0.76967,-76564527688,-1.17608E+11,0.0145,97299000000,32660000000,-0.00033,1.02923,0.81,0.0163,1.68206E+11,0.66967,149.8056,-0.105,106.58846,0.0874,516.55067,0.03241,0.2447,0.11522,0.03756
7/31/2019,0.80629,-76564527688,-1.10052E+11,0.01391,1.00594E+11,35183000000,0.00138,1.04615,0.806,0.0165,1.73887E+11,0.66967,202.04378,-0.069,93.52126,0.0932,342.72419,0.03241,0.2447,0.11522,0.03756
8/31/2019,0.80583,-76564527688,-1.10052E+11,0.01391,1.00594E+11,35183000000,-0.00186,1.04615,0.806,0.0138,1.74375E+11,0.66967,238.91571,-0.114,103.40442,0.0932,675.87613,0.03241,0.2447,0.11522,0.03756
9/30/2019,0.81172,-76564527688,-1.10052E+11,0.01391,1.00594E+11,35183000000,0.00062,1.04615,0.806,0.0129,1.62876E+11,0.66967,187.41012,-0.098,90.36799,0.0932,385.60933,0.03241,0.2447,0.11522,0.03756
10/31/2019,0.79893,-76564527688,-99217000000,0.00966,99105000000,34888000000,0.00375,1.05782,0.851,0.0108,1.79385E+11,0.66967,233.31156,-0.106,97.83673,0.0871,430.72581,0.03241,0.2447,0.11522,0.03756
11/30/2019,0.7851,-76564527688,-99217000000,0.00966,99105000000,34888000000,0.00097,1.05782,0.851,0.008,1.77334E+11,0.66967,205.59707,-0.088,73.07838,0.0871,284.652,0.03241,0.2447,0.11522,0.03756
12/31/2019,0.75997,-76564527688,-99217000000,0.00966,99105000000,34888000000,0.00291,1.05782,0.851,0.008,1.82716E+11,0.66967,271.30406,-0.071,74.27989,0.0871,330.07226,0.03241,0.2447,0.11522,0.03756
1/31/2020,0.77515,-79781478066,-98334000000,0.01154,99036000000,36811000000,0.00377,1.06886,0.854,0.008,1.76802E+11,0.65345,198.15649,-0.065,138.42094,0.0943,483.55194,0.03147,0.24899,0.11116,0.03575
2/29/2020,0.76953,-79781478066,-98334000000,0.01154,99036000000,36811000000,-0.0023,1.06886,0.854,0.0083,1.72497E+11,0.65345,139.62192,-0.062,75.95556,0.0943,422.38,0.03147,0.24899,0.11116,0.03575
3/31/2020,0.75464,-79781478066,-98334000000,0.01154,99036000000,36811000000,-0.00453,1.06886,0.854,-0.001,1.75122E+11,0.65345,281.20727,-0.082,81.54003,0.0943,1103.27774,0.03147,0.24899,0.11116,0.03575
4/30/2020,0.74294,-79781478066,-1.48055E+11,0.00357,81350000000,38895000000,-0.00792,1.32815,0.962,-0.0005,1.78376E+11,0.65345,185.35208,-0.227,69.3394,0.1019,1439.885,0.03147,0.24899,0.11116,0.03575
5/31/2020,0.73246,-79781478066,-1.48055E+11,0.00357,81350000000,38895000000,-0.0009,1.32815,0.962,-0.0005,1.79225E+11,0.65345,230.75636,-0.237,68.50722,0.1019,1286.57226,0.03147,0.24899,0.11116,0.03575
6/30/2020,0.71792,-79781478066,-1.48055E+11,0.00357,81350000000,38895000000,0.00301,1.32815,0.962,-0.0002,1.77643E+11,0.65345,167.69786,-0.21,71.22786,0.1019,1279.32033,0.03147,0.24899,0.11116,0.03575
7/31/2020,0.72378,-79781478066,-1.67051E+11,0.00369,81916000000,37891000000,0.00142,1.24261,0.991,-0.0001,1.83126E+11,0.65345,189.96194,-0.166,66.47328,0.1112,1255.57516,0.03147,0.24899,0.11116,0.03575
8/31/2020,0.71791,-79781478066,-1.67051E+11,0.00369,81916000000,37891000000,0.00739,1.24261,0.991,0,1.82693E+11,0.65345,176.54884,-0.166,65.46605,0.1112,1059.71161,0.03147,0.24899,0.11116,0.03575
9/30/2020,0.70683,-79781478066,-1.67051E+11,0.00369,81916000000,37891000000,-0.00105,1.24261,0.991,-0.0001,1.73644E+11,0.65345,184.51675,-0.179,80.37738,0.1112,936.16567,0.03147,0.24899,0.11116,0.03575
10/31/2020,0.72122,-79781478066,-1.80058E+11,0.00453,83946000000,39224000000,0.00124,1.25733,0.988,-0.0001,1.77702E+11,0.65345,189.12477,-0.204,76.08317,0.1046,1105.43807,0.03147,0.24899,0.11116,0.03575
11/30/2020,0.72304,-79781478066,-1.80058E+11,0.00453,83946000000,39224000000,0.00319,1.25733,0.988,-0.0001,1.83005E+11,0.65345,214.46165,-0.226,70.06747,0.1046,1042.172,0.03147,0.24899,0.11116,0.03575
12/31/2020,0.72587,-79781478066,-1.80058E+11,0.00453,83946000000,39224000000,0.0016,1.25733,0.988,-0.0001,1.86656E+11,0.65345,207.60651,-0.162,64.06729,0.1046,736.90516,0.03147,0.24899,0.11116,0.03575
1/31/2021,0.73382,-13851720621,-1.88912E+11,0.00468,88435000000,43498000000,0.00318,1.24168,0.966,-0.0001,1.81451E+11,0.66893,112.63906,-0.185,77.4187,0.0986,771.00419,0.03213,0.24203,0.10801,0.03331
2/28/2021,0.73265,-13851720621,-1.88912E+11,0.00468,88435000000,43498000000,0.00264,1.24168,0.966,-0.0002,1.78805E+11,0.66893,138.00995,-0.1325,73.9568,0.0986,525.41,0.03213,0.24203,0.10801,0.03331
3/31/2021,0.75122,-13851720621,-1.88912E+11,0.00468,88435000000,43498000000,0.00209,1.24168,0.966,-0.0003,1.78148E+11,0.66893,142.40594,-0.05,78.61877,0.0986,593.55323,0.03213,0.24203,0.10801,0.03331
4/30/2021,0.74087,-13851720621,-2.09216E+11,0.00769,89825000000,42985000000,0.00033,1.22083,0.974,-0.0003,1.78964E+11,0.66893,95.28068,-0.04,88.16622,0.105,432.868,0.03213,0.24203,0.10801,0.03331
5/31/2021,0.73893,-13851720621,-2.09216E+11,0.00769,89825000000,42985000000,0.00124,1.22083,0.974,-0.0004,1.80463E+11,0.66893,98.11194,0.0075,93.00713,0.105,490.29258,0.03213,0.24203,0.10801,0.03331
6/30/2021,0.75347,-13851720621,-2.09216E+11,0.00769,89825000000,42985000000,0.00499,1.22083,0.974,-0.0002,1.76594E+11,0.66893,90.33494,0.01,74.12712,0.105,506.53267,0.03213,0.24203,0.10801,0.03331
7/31/2021,0.76395,-13851720621,-2.32529E+11,0.00605,88388000000,37871000000,0.00464,1.1884,0.949,0,1.78115E+11,0.66893,88.28377,0.0175,58.42077,0.09,585.10032,0.03213,0.24203,0.10801,0.03331
8/31/2021,0.80386,-13851720621,-2.32529E+11,0.00605,88388000000,37871000000,-0.00339,1.1884,0.949,-0.0001,2.01712E+11,0.66893,79.1091,0.005,89.48655,0.09,420.07968,0.03213,0.24203,0.10801,0.03331
9/30/2021,0.80908,-13851720621,-2.32529E+11,0.00605,88388000000,37871000000,0.00169,1.1884,0.949,-0.0002,2.02169E+11,0.66893,78.70093,-0.0525,80.69697,0.09,537.161,0.03213,0.24203,0.10801,0.03331
10/31/2021,0.83416,-13851720621,-2.27976E+11,0.00627,98734000000,42214000000,0.00054,1.19535,0.982,-0.0002,2.00923E+11,0.66893,103.98979,-0.1,79.02924,0.0928,501.43581,0.03213,0.24203,0.10801,0.03331
11/30/2021,0.83041,-13851720621,-2.27976E+11,0.00627,98734000000,42214000000,0.00213,1.19535,0.982,-0.0002,2.02221E+11,0.66893,75.3175,-0.0775,86.56915,0.0928,601.08133,0.03213,0.24203,0.10801,0.03331
12/31/2021,0.88142,-13851720621,-2.27976E+11,0.00627,98734000000,42214000000,0.00185,1.19535,0.982,-0.0002,2.03709E+11,0.66893,174.83134,-0.085,105.34542,0.0928,659.77968,0.03213,0.24203,0.10801,0.03331
1/31/2022,0.88457,-70961993679,-2.82559E+11,0.00347,95314000000,37884000000,0.00705,1.20565,0.964,-0.0017,1.9648E+11,0.63834,88.19917,-0.125,138.67499,0.1017,499.00323,0.03066,0.2551,0.11213,0.03439
2/28/2022,0.85349,-70961993679,-2.82559E+11,0.00347,95314000000,37884000000,0.00004,1.20565,0.964,-0.0017,2.00892E+11,0.63834,80.71515,-0.2075,216.15901,0.1017,566.35536,0.03066,0.2551,0.11213,0.03439
3/31/2022,0.82271,-70961993679,-2.82559E+11,0.00347,95314000000,37884000000,0.00081,1.20565,0.964,-0.003,2.00329E+11,0.63834,170.04504,-0.26,318.95493,0.1017,732.04677,0.03066,0.2551,0.11213,0.03439
4/30/2022,0.81657,-70961993679,-2.55197E+11,0.00708,1.04031E+11,40332000000,-0.01758,1.18456,0.96,-0.0042,1.90766E+11,0.63834,123.43515,-0.33,191.1431,0.1035,480.625,0.03066,0.2551,0.11213,0.03439
5/31/2022,0.82919,-70961993679,-2.55197E+11,0.00708,1.04031E+11,40332000000,0.00353,1.18456,0.96,0.0002,1.87988E+11,0.63834,105.19512,-0.345,142.25848,0.1035,571.49774,0.03066,0.2551,0.11213,0.03439
6/30/2022,0.82082,-70961993679,-2.55197E+11,0.00708,1.04031E+11,40332000000,0.00627,1.18456,0.96,0.0021,1.8523E+11,0.63834,118.81206,-0.3575,130.70732,0.1035,631.97833,0.03066,0.2551,0.11213,0.03439
7/31/2022,0.80143,-70961993679,-2.25334E+11,0.00242,1.07365E+11,42579000000,-0.00626,1.17726,0.946,0.0043,1.84043E+11,0.63834,184.27249,-0.35,117.17677,0.1043,602.24129,0.03066,0.2551,0.11213,0.03439
8/31/2022,0.80268,-70961993679,-2.25334E+11,0.00242,1.07365E+11,42579000000,-0.0042,1.17726,0.946,0.0108,1.80782E+11,0.63834,124.28908,-0.385,132.86322,0.1043,538.3229,0.03066,0.2551,0.11213,0.03439
9/30/2022,0.78483,-70961993679,-2.25334E+11,0.00242,1.07365E+11,42579000000,0.00016,1.17726,0.946,0.0081,1.71551E+11,0.63834,230.05941,-0.435,131.98587,0.1043,529.467,0.03066,0.2551,0.11213,0.03439
10/31/2022,0.77783,-70961993679,-2.30044E+11,0.00304,1.07218E+11,41626000000,-0.0111,1.17526,0.946,0.0083,1.76104E+11,0.63834,399.80611,-0.41,143.16242,0.1026,540.70323,0.03066,0.2551,0.11213,0.03439
11/30/2022,0.79165,-70961993679,-2.30044E+11,0.00304,1.07218E+11,41626000000,-0.00158,1.17526,0.946,0.0153,1.8279E+11,0.63834,220.10556,-0.3725,116.71629,0.1026,573.13467,0.03066,0.2551,0.11213,0.03439
12/31/2022,0.81612,-70961993679,-2.30044E+11,0.00304,1.07218E+11,41626000000,-0.00367,1.17526,0.946,0.011,1.85565E+11,0.63834,167.63101,-0.36,111.19594,0.1026,446.24613,0.03066,0.2551,0.11213,0.03439
1/31/2023,0.81958,-1.18354E+11,-2.2806E+11,-0.00014,1.09949E+11,44399000000,0.00951,1.15808,0.948,0.0083,1.87698E+11,0.68348,140.06709,-0.38,104.26704,0.1139,542.37129,0.03167,0.26046,0.11231,0.03566
2/28/2023,0.79631,-1.18354E+11,-2.2806E+11,-0.00014,1.09949E+11,44399000000,-0.00622,1.15808,0.948,0.0107,1.80181E+11,0.68348,121.21056,-0.31,120.99438,0.1139,464.18393,0.03167,0.26046,0.11231,0.03566
3/31/2023,0.78758,-1.18354E+11,-2.2806E+11,-0.00014,1.09949E+11,44399000000,-0.0058,1.15808,0.948,0.0065,1.8609E+11,0.68348,132.89492,-0.3,105.37997,0.1139,502.16613,0.03167,0.26046,0.11231,0.03566
4/30/2023,0.78999,-1.18354E+11,-2.34899E+11,-0.00533,1.12059E+11,43590000000,-0.0078,1.1777,0.963,0.0058,1.88758E+11,0.68348,132.91663,-0.24,106.80965,0.1101,523.69367,0.03167,0.26046,0.11231,0.03566
5/31/2023,0.78793,-1.18354E+11,-2.34899E+11,-0.00533,1.12059E+11,43590000000,-0.00472,1.1777,0.963,0.0081,1.8332E+11,0.68348,118.00193,-0.205,108.46768,0.1101,837.50807,0.03167,0.26046,0.11231,0.03566
6/30/2023,0.79411,-1.18354E+11,-2.34899E+11,-0.00533,1.12059E+11,43590000000,0.00026,1.1777,0.963,0.0058,1.84504E+11,0.68348,118.06162,-0.165,110.52895,0.1101,388.71333,0.03167,0.26046,0.11231,0.03566
7/31/2023,0.79817,-1.18354E+11,-2.20792E+11,-0.00562,1.13993E+11,44432000000,0.00479,1.18592,0.95,0.0012,1.90073E+11,0.68348,118.84758,-0.23,107.44878,0.1095,306.70581,0.03167,0.26046,0.11231,0.03566
8/31/2023,0.78556,-1.18354E+11,-2.20792E+11,-0.00562,1.13993E+11,44432000000,0.0019,1.18592,0.95,0.0033,1.88765E+11,0.68348,116.07591,-0.18,101.14118,0.1095,371.82387,0.03167,0.26046,0.11231,0.03566
9/30/2023,0.78061,-1.18354E+11,-2.20792E+11,-0.00562,1.13993E+11,44432000000,-0.00137,1.18592,0.95,0.0008,1.81587E+11,0.68348,130.47645,-0.1475,98.63481,0.1095,445.19233,0.03167,0.26046,0.11231,0.03566
10/31/2023,0.77845,-1.18354E+11,-2.44252E+11,0.00565,1.1481E+11,43598000000,0.00014,1.2016,0.972,0.0008,1.83083E+11,0.68348,107.93382,-0.2325,197.88701,0.1164,464.47194,0.03167,0.26046,0.11231,0.03566
11/30/2023,0.75961,-1.18354E+11,-2.44252E+11,0.00565,1.1481E+11,43598000000,0.00295,1.2016,0.972,0.0008,1.87083E+11,0.68348,115.96201,-0.1725,156.69614,0.1164,351.44433,0.03167,0.26046,0.11231,0.03566
12/31/2023,0.7602,-1.18354E+11,-2.44252E+11,0.00565,1.1481E+11,43598000000,-0.00174,1.2016,0.972,0.0008,1.9049E+11,0.68348,120.87118,-0.16,142.27947,0.1164,359.20677,0.03167,0.26046,0.11231,0.03566
1/31/2024,0.77893,-96634360951,-2.60854E+11,0.00031,1.17937E+11,44521000000,0.00726,1.2083,0.956,0.0008,1.85469E+11,0.69411,100.65345,-0.1325,160.16484,0.1257,399.81355,0.03297,0.26404,0.11415,0.03574
2/29/2024,0.7896,-96634360951,-2.60854E+11,0.00031,1.17937E+11,44521000000,-0.00219,1.2083,0.956,0.0008,1.83952E+11,0.69411,114.04067,-0.1575,146.59818,0.1257,454.84207,0.03297,0.26404,0.11415,0.03574
3/31/2024,0.80909,-96634360951,-2.60854E+11,0.00031,1.17937E+11,44521000000,-0.00263,1.2083,0.956,0.0008,1.86403E+11,0.69411,135.56395,-0.1525,133.21317,0.1257,284.20677,0.03297,0.26404,0.11415,0.03574
4/30/2024,0.79942,-96634360951,-2.86311E+11,0.00339,1.17397E+11,45328000000,-0.00165,1.2004,0.958,0.0008,1.80169E+11,0.69411,102.66585,-0.1375,163.73634,0.1346,410.72667,0.03297,0.26404,0.11415,0.03574
5/31/2024,0.77672,-96634360951,-2.86311E+11,0.00339,1.17397E+11,45328000000,-0.00339,1.2004,0.958,0.0008,1.84459E+11,0.69411,144.78329,-0.115,130.52187,0.1346,334.90677,0.03297,0.26404,0.11415,0.03574
6/30/2024,0.76305,-96634360951,-2.86311E+11,0.00339,1.17397E+11,45328000000,-0.00229,1.2004,0.958,0.0008,1.82607E+11,0.69411,146.59757,-0.1,112.88141,0.1346,482.41067,0.03297,0.26404,0.11415,0.03574
7/31/2024,0.74735,-96634360951,-3.26168E+11,0.00254,1.16881E+11,43995000000,0.00214,1.20731,0.954,0.0008,1.88793E+11,0.69411,183.28214,-0.08,92.39488,0.1452,523.58677,0.03297,0.26404,0.11415,0.03574
8/31/2024,0.74255,-96634360951,-3.26168E+11,0.00254,1.16881E+11,43995000000,-0.00196,1.20731,0.954,0.0033,1.93045E+11,0.69411,116.8718,-0.0725,140.76402,0.1452,376.49807,0.03297,0.26404,0.11415,0.03574
9/30/2024,0.7568,-96634360951,-3.26168E+11,0.00254,1.16881E+11,43995000000,0.00154,1.20731,0.954,0.0013,1.94098E+11,0.69411,184.40996,-0.155,130.14188,0.1452,362.72167,0.03297,0.26404,0.11415,0.03574
10/31/2024,0.76665,-96634360951,-3.11967E+11,-0.0025,1.19767E+11,44976000000,-0.00373,1.2185,0.965,-0.0017,1.89228E+11,0.69411,273.857,-0.1525,130.6973,0.1491,495.47097,0.03297,0.26404,0.11415,0.03574
11/30/2024,0.78483,-96634360951,-3.11967E+11,-0.0025,1.19767E+11,44976000000,0.00057,1.2185,0.965,-0.0036,1.88258E+11,0.69411,327.23352,-0.13,128.48177,0.1491,1291.26533,0.03297,0.26404,0.11415,0.03574
12/31/2024,0.79107,-96634360951,-3.11967E+11,-0.0025,1.19767E+11,44976000000,-0.00007,1.2185,0.965,-0.0027,1.85835E+11,0.69411,220.88986,-0.12,142.13457,0.1491,1082.99194,0.03297,0.26404,0.11415,0.03574
1/31/2025,0.80953,-96634360951,-4.5017E+11,0.00025,1.22147E+11,43477000000,0.00467,1.20867,0.952,-0.0042,1.86435E+11,0.67,238.06052,-0.165,112.33327,0.1689,1139.72419,0.03297,0.26404,0.11415,0.03574
2/28/2025,0.79717,-96634360951,-4.5017E+11,0.00025,1.22147E+11,43477000000,-0.00154,1.20867,0.952,-0.0042,1.88056E+11,0.67,218.64044,-0.1325,136.19244,0.1689,1625.38821,0.03297,0.26404,0.11415,0.03574
3/31/2025,0.77446,-96634360951,-4.5017E+11,0.00025,1.22147E+11,43477000000,-0.00419,1.20867,0.952,-0.0017,1.9389E+11,0.67,472.2518,-0.135,175.43298,0.1689,2647.51484,0.03297,0.26404,0.11415,0.03574
4/30/2025,0.761,-96634360951,-4.5017E+11,0.00025,1.22147E+11,43477000000,-0.00419,1.20867,0.952,-0.0017,2.00944E+11,0.67,498.49608,-0.1725,141.13638,0.1689,3378.60967,0.03297,0.26404,0.11415,0.03574
